Date,GOOG
8/20/2004,0.079429868
8/23/2004,0.010063708
8/24/2004,-0.041407614
8/25/2004,0.010775225
8/26/2004,0.01801882
8/27/2004,-0.016309869
8/30/2004,-0.039001433
8/31/2004,0.003529087
9/1/2004,-0.020709193
9/2/2004,0.012568578
9/3/2004,-0.014776883
9/7/2004,0.015698462
9/8/2004,0.007087977
9/9/2004,9.77649E-05
9/10/2004,0.02951811
9/13/2004,0.020601982
9/14/2004,0.037116253
9/15/2004,0.004574394
9/16/2004,0.017589312
9/17/2004,0.030885282
9/20/2004,0.01591629
9/21/2004,-0.012734618
9/22/2004,0.004582512
9/23/2004,0.020611563
9/24/2004,-0.008194025
9/27/2004,-0.013101857
9/28/2004,0.072721129
9/29/2004,0.033264995
9/30/2004,-0.011290805
10/1/2004,0.022993828
10/4/2004,0.018705646
10/5/2004,0.024507614
10/6/2004,-0.009322748
10/7/2004,0.012912106
10/8/2004,-0.008066234
10/11/2004,-0.017933589
10/12/2004,0.015821344
10/13/2004,0.02547302
10/14/2004,0.007807021
10/15/2004,0.014859091
10/18/2004,0.035042685
10/19/2004,-0.0081791
10/20/2004,-0.050358255
10/21/2004,0.063278479
10/22/2004,0.15430448
10/25/2004,0.086817809
10/26/2004,-0.029882595
10/27/2004,0.022937328
10/28/2004,0.039414957
10/29/2004,-0.01376101
11/1/2004,0.028273189
11/2/2004,-0.005917471
11/3/2004,-0.016421198
11/4/2004,-0.036364572
11/5/2004,-0.08310774
11/8/2004,0.018895771
11/9/2004,-0.022312338
11/10/2004,-0.004979283
11/11/2004,0.090313385
11/12/2004,-0.005573153
11/15/2004,0.015769234
11/16/2004,-0.066695564
11/17/2004,-0.000231861
11/18/2004,-0.028753561
11/19/2004,0.011101848
11/22/2004,-0.025383754
11/23/2004,0.014657794
11/24/2004,0.043218737
11/26/2004,0.026493424
11/29/2004,0.009253623
11/30/2004,0.005136712
12/1/2004,-0.011100174
12/2/2004,-0.003111793
12/3/2004,0.005574198
12/6/2004,-0.022782778
12/7/2004,-0.027568162
12/8/2004,-0.008458321
12/9/2004,0.020296516
12/10/2004,-0.010263466
12/13/2004,-0.006991012
12/14/2004,0.048342706
12/15/2004,0.006099908
12/16/2004,-0.018411382
12/17/2004,0.020456692
12/20/2004,0.027432263
12/21/2004,-0.00686413
12/22/2004,0.013877573
12/23/2004,0.008588296
12/27/2004,0.021341139
12/28/2004,0.004429193
12/29/2004,0.00072623
12/30/2004,0.024364958
12/31/2004,-0.024342104
1/3/2005,0.051454998
1/4/2005,-0.040501257
1/5/2005,-0.005089946
1/6/2005,-0.025631773
1/7/2005,0.028109277
1/10/2005,0.006241984
1/11/2005,-0.007792495
1/12/2005,0.009507083
1/13/2005,-0.000255946
1/14/2005,0.023754711
1/18/2005,0.019652894
1/19/2005,-0.03236878
1/20/2005,-0.017131311
1/21/2005,-0.029084098
1/24/2005,-0.040152961
1/25/2005,-0.019920354
1/26/2005,0.068428166
1/27/2005,-0.006129793
1/28/2005,0.012016223
1/31/2005,0.02773984
2/1/2005,-0.019016497
2/2/2005,0.073267304
2/3/2005,0.023791086
2/4/2005,-0.030826193
2/7/2005,-0.04076138
2/8/2005,0.013314271
2/9/2005,-0.035541655
2/10/2005,-0.018791139
2/11/2005,-0.00308544
2/14/2005,0.029829308
2/15/2005,0.011606783
2/16/2005,0.016288461
2/17/2005,-0.002570393
2/18/2005,0.000252609
2/22/2005,-0.033240674
2/23/2005,0.013481698
2/24/2005,-0.026089212
2/25/2005,-0.01598809
2/28/2005,0.01140578
3/1/2005,-0.010266491
3/2/2005,-0.004729631
3/3/2005,0.009882274
3/4/2005,-0.005935486
3/7/2005,0.015653527
3/8/2005,-0.01911971
3/9/2005,-0.020788386
3/10/2005,-0.007554449
3/11/2005,-0.012112459
3/14/2005,-0.015804234
3/15/2005,0.02068686
3/16/2005,-0.016852383
3/17/2005,0.021013686
3/18/2005,0.004183214
3/21/2005,0.004665573
3/22/2005,-0.012605034
3/23/2005,0.002127687
3/24/2005,0.001508579
3/28/2005,0.012105992
3/29/2005,-0.010197344
3/30/2005,0.004900568
3/31/2005,0.000332547
4/1/2005,-0.002603742
4/4/2005,0.029160171
4/5/2005,0.01770195
4/6/2005,0.003447051
4/7/2005,0.023993204
4/8/2005,-0.008825345
4/11/2005,0.006144257
4/12/2005,0.003777831
4/13/2005,-0.005310372
4/14/2005,-0.00767117
4/15/2005,-0.033690282
4/18/2005,0.010648665
4/19/2005,0.023693614
4/20/2005,0.035005264
4/21/2005,0.03089352
4/22/2005,0.056752457
4/25/2005,0.035772235
4/26/2005,-0.021384135
4/27/2005,0.004708571
4/28/2005,-0.001501494
4/29/2005,0.002506252
5/2/2005,0.01040909
5/3/2005,0.017544651
5/4/2005,0.010212664
5/5/2005,-0.006652096
5/6/2005,0.004581906
5/9/2005,-0.008771191
5/10/2005,0.007875446
5/11/2005,0.01532042
5/12/2005,-0.011111554
5/13/2005,0.002273492
5/16/2005,0.007895641
5/17/2005,0.009002391
5/18/2005,0.025865438
5/19/2005,8.35735E-05
5/20/2005,0.010159725
5/23/2005,0.057282385
5/24/2005,0.002153111
5/25/2005,0.018789002
5/26/2005,-0.006173021
5/27/2005,0.026234529
5/31/2005,0.042368501
6/1/2005,0.038698664
6/2/2005,-0.000347162
6/3/2005,-0.026537027
6/6/2005,0.038107428
6/7/2005,0.007493008
6/8/2005,-0.046260935
6/9/2005,0.024145081
6/10/2005,-0.013307268
6/13/2005,0.00088502
6/14/2005,-0.015561471
6/15/2005,-0.012753726
6/16/2005,0.009606933
6/17/2005,0.010308588
6/20/2005,0.022832672
6/21/2005,0.003976279
6/22/2005,0.005072301
6/23/2005,0.001417139
6/24/2005,0.026026016
6/27/2005,0.023044617
6/28/2005,-0.00690564
6/29/2005,-0.030728426
6/30/2005,0.004885188
7/1/2005,-0.00985888
7/5/2005,0.015313247
7/6/2005,-0.014169266
7/7/2005,0.013789743
7/8/2005,0.002334763
7/11/2005,-0.009722234
7/12/2005,-0.005351902
7/13/2005,0.024264846
7/14/2005,0.006792413
7/15/2005,0.000997073
7/18/2005,-0.005478239
7/19/2005,0.034586387
7/20/2005,0.006776297
7/21/2005,0.006217994
7/22/2005,-0.036758651
7/25/2005,-0.021660062
7/26/2005,0.000811227
7/27/2005,0.002837044
7/28/2005,-0.011551593
7/29/2005,-0.019557075
8/1/2005,0.013379238
8/2/2005,0.02599363
8/3/2005,-0.00631703
8/4/2005,0.001446286
8/5/2005,-0.01807001
8/8/2005,-0.003762592
8/9/2005,0.001098649
8/10/2005,-0.020201003
8/11/2005,-0.005705643
8/12/2005,0.0199613
8/15/2005,-0.019743196
8/16/2005,0.005809827
8/17/2005,-0.001925423
8/18/2005,-0.017923514
8/19/2005,3.56659E-05
8/22/2005,-0.021392819
8/23/2005,0.020327703
8/24/2005,0.010694564
8/25/2005,7.07885E-05
8/26/2005,0.003503398
8/29/2005,0.017173257
8/30/2005,-0.004090846
8/31/2005,-0.004420933
9/1/2005,0.000874082
9/2/2005,0.007685654
9/6/2005,-0.004645503
9/7/2005,0.027027952
9/8/2005,0.001763413
9/9/2005,0.012525829
9/12/2005,0.03560801
9/13/2005,0.006263363
9/14/2005,-0.027849064
9/15/2005,-0.001254192
9/16/2005,-0.007996784
9/19/2005,0.011958711
9/20/2005,0.013561997
9/21/2005,0.012958323
9/22/2005,-0.001699244
9/23/2005,0.012814327
9/26/2005,-0.003424629
9/27/2005,-0.001081885
9/28/2005,-0.025291422
9/29/2005,0.011830045
9/30/2005,0.02209158
10/3/2005,0.007015075
10/4/2005,-0.024099364
10/5/2005,-0.000932453
10/6/2005,0.006565598
10/7/2005,0.000767391
10/10/2005,-0.007476297
10/11/2005,-0.014646744
10/12/2005,-0.016759218
10/13/2005,-0.011728734
10/14/2005,-0.004370595
10/17/2005,0.029918246
10/18/2005,-0.005639295
10/19/2005,0.017871238
10/20/2005,-0.01781665
10/21/2005,0.12104223
10/24/2005,0.025742836
10/25/2005,-0.004990643
10/26/2005,0.024588485
10/27/2005,-0.006695959
10/28/2005,0.014473443
10/31/2005,0.039003866
11/1/2005,0.019455011
11/2/2005,0.000790789
11/3/2005,0.016513895
11/4/2005,0.011607765
11/7/2005,0.011781887
11/8/2005,-0.012986346
11/9/2005,-0.027571203
11/10/2005,0.03151784
11/11/2005,-0.001789828
11/14/2005,0.016828907
11/15/2005,-0.010504549
11/16/2005,0.013620151
11/17/2005,0.013311576
11/18/2005,-0.008030745
11/21/2005,0.02286303
11/22/2005,0.01736854
11/23/2005,0.01534327
11/25/2005,0.013621539
11/28/2005,-0.011992004
11/29/2005,-0.04708605
11/30/2005,0.003394991
12/1/2005,0.022671633
12/2/2005,0.008717931
12/5/2005,-0.028369659
12/6/2005,-0.003227734
12/7/2005,-0.000791052
12/8/2005,0.015907146
12/9/2005,-0.003530975
12/12/2005,0.008333362
12/13/2005,0.011827171
12/14/2005,0.003521036
12/15/2005,0.008568849
12/16/2005,0.017985976
12/19/2005,-0.012902456
12/20/2005,0.012105542
12/21/2005,-0.007935058
12/22/2005,0.013393411
12/23/2005,-0.002569231
12/27/2005,-0.014596334
12/28/2005,0.004827651
12/29/2005,-0.015327325
12/30/2005,-0.012590711
1/3/2006,0.049100855
1/4/2006,0.022999347
1/5/2006,0.013475891
1/6/2006,0.031956381
1/9/2006,0.002662914
1/10/2006,0.006125474
1/11/2006,0.003980734
1/12/2006,-0.016962444
1/13/2006,0.005651087
1/17/2006,0.001844488
1/18/2006,-0.047526271
1/19/2006,-0.019015076
1/20/2006,-0.08475197
1/23/2006,0.070194713
1/24/2006,0.036327506
1/25/2006,-0.022639569
1/26/2006,0.002933029
1/27/2006,-0.001796075
1/30/2006,-0.015386788
1/31/2006,0.013682618
2/1/2006,-0.071372423
2/2/2006,-0.014286429
2/3/2006,-0.036587269
2/6/2006,0.009304153
2/7/2006,-0.044611788
2/8/2006,0.003152865
2/9/2006,-0.027934282
2/10/2006,0.010703215
2/13/2006,-0.04663415
2/14/2006,-0.006884528
2/15/2006,-0.002737979
2/16/2006,0.070331218
2/17/2006,0.006248934
2/21/2006,-0.005857579
2/22/2006,-0.003000611
2/23/2006,0.034419536
2/24/2006,-0.001772193
2/27/2006,0.034393188
2/28/2006,-0.071110135
3/1/2006,0.006011762
3/2/2006,0.031935335
3/3/2006,0.004595568
3/6/2006,-0.026653973
3/7/2006,-0.009915819
3/8/2006,-0.029002575
3/9/2006,-0.030744926
3/10/2006,-0.016034986
3/13/2006,-0.001303696
3/14/2006,0.041832363
3/15/2006,-0.018965718
3/16/2006,-0.016632846
3/17/2006,0.003010933
3/20/2006,0.02472112
3/21/2006,-0.023751365
3/22/2006,0.000882499
3/23/2006,0.004908659
3/24/2006,0.069934757
3/27/2006,0.010634182
3/28/2006,0.02031434
3/29/2006,0.047136764
3/30/2006,-0.016557765
3/31/2006,0.004016049
4/3/2006,-0.000769255
4/4/2006,0.03756743
4/5/2006,0.009027013
4/6/2006,0.007818851
4/7/2006,-0.012208758
4/10/2006,0.025162466
4/11/2006,-0.016139127
4/12/2006,-0.001733115
4/13/2006,-0.016603506
4/17/2006,0.011587453
4/18/2006,-0.00634189
4/19/2006,0.015485874
4/20/2006,0.010962214
4/21/2006,0.053253045
4/24/2006,0.007778529
4/25/2006,-0.030283783
4/26/2006,-0.00278582
4/27/2006,-0.013944638
4/28/2006,-0.00497588
5/1/2006,-0.045556786
5/2/2006,-0.010278257
5/3/2006,-0.001595764
5/4/2006,0.001471488
5/5/2006,-0.001139998
5/8/2006,0.001217355
5/9/2006,0.035513465
5/10/2006,-0.014236821
5/11/2006,-0.039654555
5/12/2006,-0.033255787
5/15/2006,0.005532798
5/16/2006,-0.013024937
5/17/2006,0.008618365
5/18/2006,-0.009372481
5/19/2006,-0.002614686
5/22/2006,0.002513424
5/23/2006,0.012481442
5/24/2006,0.01509667
5/25/2006,0.004563902
5/26/2006,-0.004282109
5/30/2006,-0.024675461
5/31/2006,-0.000322676
6/1/2006,0.029046324
6/2/2006,-0.008311109
6/5/2006,-0.013177299
6/6/2006,0.041528712
6/7/2006,-0.00892332
6/8/2006,0.017567473
6/9/2006,-0.017111609
6/12/2006,-0.013011909
6/13/2006,0.013052345
6/14/2006,-0.005510695
6/15/2006,0.017196105
6/16/2006,-0.000767288
6/19/2006,-0.006552356
6/20/2006,-0.002499077
6/21/2006,0.03863938
6/22/2006,-0.005421171
6/23/2006,0.012276529
6/26/2006,-0.001580778
6/27/2006,-0.004700433
6/28/2006,0.009420365
6/29/2006,0.028809933
6/30/2006,0.003638064
7/3/2006,0.009228963
7/5/2006,-0.004111502
7/6/2006,0.004104782
7/7/2006,-0.00647463
7/10/2006,-0.005351432
7/11/2006,0.015208016
7/12/2006,-0.017217782
7/13/2006,-0.020179803
7/14/2006,-0.013037186
7/17/2006,0.010879852
7/18/2006,-0.011865953
7/19/2006,-0.010048394
7/20/2006,-0.029774423
7/21/2006,0.007723667
7/24/2006,0.002025065
7/25/2006,-0.003939604
7/26/2006,-0.009913692
7/27/2006,-0.008041546
7/28/2006,0.014958156
7/31/2006,-0.003916285
8/1/2006,-0.028685972
8/2/2006,-0.022050023
8/3/2006,0.022220374
8/4/2006,-0.004102377
8/7/2006,0.010966956
8/8/2006,0.008069835
8/9/2006,-0.010656146
8/10/2006,-0.007269058
8/11/2006,-0.015232486
8/14/2006,0.002523709
8/15/2006,0.031237342
8/16/2006,0.017717927
8/17/2006,-0.004952057
8/18/2006,-0.006324493
8/21/2006,-0.015807551
8/22/2006,0.002623892
8/23/2006,-0.012847303
8/24/2006,0.000803389
8/25/2006,-0.001257637
8/28/2006,0.020602266
8/29/2006,-0.005250011
8/30/2006,0.004749955
8/31/2006,-0.005830572
9/1/2006,0.00018491
9/5/2006,0.015213957
9/6/2006,-0.010979323
9/7/2006,-0.004340482
9/8/2006,-0.001690913
9/11/2006,0.016514427
9/12/2006,0.020333823
9/13/2006,0.03743298
9/14/2006,-0.006370352
9/15/2006,0.014604664
9/18/2006,0.011735179
9/19/2006,-0.026236501
9/20/2006,-0.016864308
9/21/2006,0.024811043
9/22/2006,-0.007545771
9/25/2006,0.00049531
9/26/2006,0.007153828
9/27/2006,-0.009708241
9/28/2006,0.001638033
9/29/2006,-0.004162769
10/2/2006,-0.001144564
10/3/2006,0.00647671
10/4/2006,0.02885852
10/5/2006,-0.009357745
10/6/2006,0.021101997
10/9/2006,0.020214037
10/10/2006,-0.005477838
10/11/2006,-0.000351587
10/12/2006,0.002203993
10/13/2006,-0.000327575
10/16/2006,-0.012988513
10/17/2006,-0.002631916
10/18/2006,-0.003161798
10/19/2006,0.016097872
10/20/2006,0.078885613
10/23/2006,0.045924223
10/24/2006,-0.015537258
10/25/2006,0.028078881
10/26/2006,-0.003082648
10/27/2006,-0.020408176
10/30/2006,0.002883028
10/31/2006,-0.000377685
11/1/2006,-0.018661199
11/2/2006,0.005155081
11/3/2006,0.00402203
11/6/2006,0.010915641
11/7/2006,-0.00918336
11/8/2006,0.005142102
11/9/2006,-0.004989464
11/10/2006,0.001946555
11/13/2006,0.015795563
11/14/2006,0.017192313
11/15/2006,0.005375024
11/16/2006,0.008070243
11/17/2006,0.005827795
11/20/2006,-0.007498165
11/21/2006,0.029491953
11/22/2006,-0.003217844
11/24/2006,-0.005925118
11/27/2006,-0.040099002
11/28/2006,0.00979888
11/29/2006,-0.009908048
11/30/2006,0.000330116
12/1/2006,-0.008271281
12/4/2006,0.008423472
12/5/2006,0.004434354
12/6/2006,0.003511291
12/7/2006,-0.012420453
12/8/2006,0.003045743
12/11/2006,-0.000371803
12/12/2006,-0.004442783
12/13/2006,-0.005791068
12/14/2006,0.006534594
12/15/2006,-0.00377499
12/18/2006,-0.036435585
12/19/2006,0.01259723
12/20/2006,-0.012227098
12/21/2006,-0.014473984
12/22/2006,-0.001359033
12/26/2006,0.004280259
12/27/2006,0.022949302
12/28/2006,-0.011687309
12/29/2006,-0.004496653
1/3/2007,0.015440378
1/4/2007,0.033512257
1/5/2007,0.008132246
1/8/2007,-0.007409793
1/9/2007,0.003970348
1/10/2007,0.008156557
1/11/2007,0.020961862
1/12/2007,0.01056592
1/16/2007,-0.001425751
1/17/2007,-0.01388115
1/18/2007,-0.019003362
1/19/2007,0.003935758
1/22/2007,-0.018192917
1/23/2007,-0.003722672
1/24/2007,0.041791068
1/25/2007,-0.022000916
1/26/2007,0.015878176
1/29/2007,-0.00679656
1/30/2007,0.00375661
1/31/2007,0.014525024
2/1/2007,-0.039381895
2/2/2007,-0.000518915
2/5/2007,-0.029781968
2/6/2007,0.009247423
2/7/2007,-0.003117901
2/8/2007,0.002170196
2/9/2007,-0.019404277
2/12/2007,-0.007794044
2/13/2007,0.001767442
2/14/2007,0.014876886
2/15/2007,-0.009572218
2/16/2007,0.018354353
2/20/2007,0.004596359
2/21/2007,0.007964376
2/22/2007,-2.09854E-05
2/23/2007,-0.010990879
2/26/2007,-0.012090391
2/27/2007,-0.034757954
2/28/2007,0.001515251
3/1/2007,-0.002714451
3/2/2007,-0.02130597
3/5/2007,0.005174573
3/6/2007,0.037646023
3/7/2007,-0.004174396
3/8/2007,-0.002019139
3/9/2007,-0.003870559
3/12/2007,0.003951805
3/13/2007,-0.025772412
3/14/2007,0.011218215
3/15/2007,-0.004040205
3/16/2007,-0.011967949
3/19/2007,0.014472032
3/20/2007,-0.004360173
3/21/2007,0.025309895
3/22/2007,0.012025001
3/23/2007,-0.000454533
3/26/2007,0.00686402
3/27/2007,-0.002967743
3/28/2007,-0.003753113
3/29/2007,-0.002078408
3/30/2007,-0.005988027
4/2/2007,0.000807586
4/3/2007,0.030685007
4/4/2007,-0.003343201
4/5/2007,0.001040272
4/9/2007,-0.006998817
4/10/2007,-0.003652205
4/11/2007,-0.004222943
4/12/2007,0.006156793
4/13/2007,-0.002353482
4/16/2007,0.017113802
4/17/2007,-0.003099495
4/18/2007,0.006789308
4/19/2007,-0.009159473
4/20/2007,0.022961992
4/23/2007,-0.007046977
4/24/2007,-0.003235321
4/25/2007,0.000963291
4/26/2007,0.006673742
4/27/2007,-0.004509745
4/30/2007,-0.015928673
5/1/2007,-0.00504903
5/2/2007,-0.006865675
5/3/2007,0.015994677
5/4/2007,-0.004458701
5/7/2007,-0.008172035
5/8/2007,-0.000984442
5/9/2007,0.005227009
5/10/2007,-0.016579645
5/11/2007,0.011419994
5/14/2007,-0.010626879
5/15/2007,-0.008185749
5/16/2007,0.031899581
5/17/2007,-0.003491231
5/18/2007,-0.001358913
5/21/2007,0.000595289
5/22/2007,0.011177218
5/23/2007,-0.00397174
5/24/2007,0.000759579
5/25/2007,0.019374671
5/29/2007,0.007424729
5/30/2007,0.023588079
5/31/2007,-0.001383845
6/1/2007,0.005000865
6/4/2007,0.013329374
6/5/2007,0.023211776
6/6/2007,-0.001137216
6/7/2007,-0.006155237
6/8/2007,0.000834757
6/11/2007,-0.00805051
6/12/2007,-0.012848604
6/13/2007,0.00093109
6/14/2007,-0.004750186
6/15/2007,0.006065536
6/18/2007,0.018403218
6/19/2007,-0.001727448
6/20/2007,-0.008438546
6/21/2007,0.008118129
6/22/2007,0.021143331
6/25/2007,0.004647834
6/26/2007,0.005384726
6/27/2007,-0.00748694
6/28/2007,-0.002432095
6/29/2007,-0.00439995
7/2/2007,0.014692912
7/3/2007,0.007466419
7/5/2007,0.013642959
7/6/2007,-0.004117215
7/9/2007,0.005858349
7/10/2007,0.001437652
7/11/2007,0.002079753
7/12/2007,0.001579448
7/13/2007,0.012524544
7/16/2007,0.001503194
7/17/2007,0.0036348
7/18/2007,-0.009909855
7/19/2007,-0.001656077
7/20/2007,-0.05189672
7/23/2007,-0.014631222
7/24/2007,0.002907201
7/25/2007,-0.008248998
7/26/2007,-0.003452586
7/27/2007,0.007657509
7/30/2007,0.008243983
7/31/2007,-0.01183863
8/1/2007,0.005764756
8/2/2007,-0.003762618
8/3/2007,-0.015674867
8/6/2007,0.013916473
8/7/2007,0.011803998
8/8/2007,0.018913911
8/9/2007,-0.021016379
8/10/2007,0.001981589
8/13/2007,-0.000484647
8/14/2007,-0.013385069
8/15/2007,-0.02172635
8/16/2007,-0.012119374
8/17/2007,0.017333995
8/20/2007,-0.004239676
8/21/2007,0.017452629
8/22/2007,0.012119764
8/23/2007,-0.001092177
8/24/2007,0.005486231
8/27/2007,-0.003378617
8/28/2007,-0.013365542
8/29/2007,0.012796226
8/30/2007,-0.002885693
8/31/2007,0.007528372
9/4/2007,0.019213986
9/5/2007,0.005046123
9/6/2007,-0.008109056
9/7/2007,-0.007965293
9/10/2007,-0.009377209
9/11/2007,0.013314498
9/12/2007,0.002531971
9/13/2007,0.004075315
9/14/2007,0.007565123
9/17/2007,-0.006524855
9/18/2007,0.01897969
9/19/2007,0.021633915
9/20/2007,0.010935418
9/21/2007,0.013150417
9/24/2007,0.014140364
9/25/2007,0.001725252
9/26/2007,-0.001476257
9/27/2007,-0.001161638
9/28/2007,-0.00040526
10/1/2007,0.026936064
10/2/2007,0.003158528
10/3/2007,-0.000633197
10/4/2007,-0.008544243
10/5/2007,0.025939964
10/8/2007,0.026209887
10/9/2007,0.009120449
10/10/2007,0.016596772
10/11/2007,-0.005420583
10/12/2007,0.024742748
10/15/2007,-0.027110532
10/16/2007,-0.006627878
10/17/2007,0.028376637
10/18/2007,0.009692482
10/19/2007,0.007957836
10/22/2007,0.00936857
10/23/2007,0.038447953
10/24/2007,7.39768E-05
10/25/2007,-0.010816508
10/26/2007,0.009109815
10/29/2007,0.006863359
10/30/2007,0.022878794
10/31/2007,0.017602942
11/1/2007,-0.005360637
11/2/2007,0.011433245
11/5/2007,0.020246082
11/6/2007,0.022242104
11/7/2007,-0.011930605
11/8/2007,-0.053346781
11/9/2007,-0.043050309
11/12/2007,-0.048044259
11/13/2007,0.045058216
11/14/2007,-0.028567051
11/15/2007,-0.01874771
11/16/2007,0.00632099
11/19/2007,-0.012278409
11/20/2007,0.03625462
11/21/2007,0.018472322
11/23/2007,0.024495833
11/26/2007,-0.015812015
11/27/2007,0.011366391
11/28/2007,0.027747629
11/29/2007,0.006847124
11/30/2007,-0.005738857
12/3/2007,-0.016551251
12/4/2007,0.003858963
12/5/2007,0.020974676
12/6/2007,0.023979595
12/7/2007,-0.000545265
12/10/2007,0.004965938
12/11/2007,-0.02675319
12/12/2007,0.000214582
12/13/2007,-0.007578471
12/14/2007,-0.005892918
12/17/2007,-0.030045217
12/18/2007,0.006156328
12/19/2007,0.005970083
12/20/2007,0.018187981
12/21/2007,0.010149512
12/24/2007,0.005798832
12/26/2007,0.014427838
12/27/2007,-0.014208502
12/28/2007,0.002554369
12/31/2007,-0.015728854
1/2/2008,-0.009096385
1/3/2008,0.000204306
1/4/2008,-0.0413378
1/7/2008,-0.011795965
1/8/2008,-0.027062002
1/9/2008,0.034067877
1/10/2008,-0.009905117
1/11/2008,-0.013112071
1/14/2008,0.024394802
1/15/2008,-0.02473158
1/16/2008,-0.034031193
1/17/2008,-0.024612395
1/18/2008,-0.000898784
1/22/2008,-0.026488981
1/23/2008,-0.061144935
1/24/2008,0.047154759
1/25/2008,-0.014082098
1/28/2008,-0.018396919
1/29/2008,-0.009820433
1/30/2008,-0.004087118
1/31/2008,0.029237446
2/1/2008,-0.08576994
2/4/2008,-0.039678221
2/5/2008,0.022949706
2/6/2008,-0.010043393
2/7/2008,0.006457922
2/8/2008,0.023249841
2/11/2008,0.008651223
2/12/2008,-0.005890699
2/13/2008,0.031905631
2/14/2008,-0.004433046
2/15/2008,-0.004903762
2/19/2008,-0.039064202
2/20/2008,9.82243E-05
2/21/2008,-0.012062856
2/22/2008,0.009823781
2/25/2008,-0.042063818
2/26/2008,-0.045740457
2/27/2008,0.018677718
2/28/2008,0.005350391
2/29/2008,-0.008855878
3/3/2008,-0.030052196
3/4/2008,-0.027176066
3/5/2008,0.006972527
3/6/2008,-0.033504543
3/7/2008,0.001502148
3/10/2008,-0.045528991
3/11/2008,0.06339155
3/12/2008,0.000772972
3/13/2008,0.006429178
3/14/2008,-0.011489563
3/17/2008,-0.041217592
3/18/2008,0.045942842
3/19/2008,-0.016303869
3/20/2008,0.003587981
3/24/2008,0.062299573
3/25/2008,-0.021234997
3/26/2008,0.016438163
3/27/2008,-0.03079509
3/28/2008,-0.013511092
3/31/2008,0.00545562
4/1/2008,0.057302438
4/2/2008,-2.14427E-05
4/3/2008,-0.022718499
4/4/2008,0.035089659
4/7/2008,0.012163249
4/8/2008,-0.018896008
4/9/2008,-0.007738171
4/10/2008,0.010534469
4/11/2008,-0.024793229
4/14/2008,-0.012657106
4/15/2008,-0.010671746
4/16/2008,0.018328725
4/17/2008,-0.012065169
4/18/2008,0.199915451
4/21/2008,-0.003003286
4/22/2008,0.032001374
4/23/2008,-0.015333313
4/24/2008,-0.006313047
4/25/2008,0.001878284
4/28/2008,0.014814553
4/29/2008,0.011501135
4/30/2008,0.028327397
5/1/2008,0.032718688
5/2/2008,-0.019879271
5/5/2008,0.023413384
5/6/2008,-0.014355265
5/7/2008,-0.012552022
5/8/2008,0.006925681
5/9/2008,-0.016826486
5/12/2008,0.02048152
5/13/2008,-0.003316551
5/14/2008,-0.011492294
5/15/2008,0.008155449
5/16/2008,-0.001600665
5/19/2008,-0.004396001
5/20/2008,0.001870103
5/21/2008,-0.049446957
5/22/2008,-0.000963643
5/23/2008,-0.008808711
5/27/2008,0.029892462
5/28/2008,0.013086058
5/29/2008,0.025974963
5/30/2008,0.004802756
6/2/2008,-0.018436385
6/3/2008,-0.01339123
6/4/2008,0.008672631
6/5/2008,0.024605891
6/6/2008,-0.032918262
6/9/2008,-0.016102257
6/10/2008,-0.006632432
6/11/2008,-0.016186404
6/12/2008,0.014214985
6/13/2008,0.033565478
6/16/2008,0.002274605
6/17/2008,-0.005848315
6/18/2008,-0.012432879
6/19/2008,-0.003876302
6/20/2008,-0.024580593
6/23/2008,-0.00223258
6/24/2008,-0.00533746
6/25/2008,0.016042836
6/26/2008,-0.040254071
6/27/2008,-0.001418239
6/30/2008,-0.003124626
7/1/2008,0.015785919
7/2/2008,-0.014381149
7/3/2008,0.018897965
7/7/2008,0.012867822
7/8/2008,0.019525252
7/9/2008,-0.023407191
7/10/2008,-0.00180958
7/11/2008,-0.012523876
7/14/2008,-0.022817544
7/15/2008,-0.010601566
7/16/2008,0.037803463
7/17/2008,-0.004032828
7/18/2008,-0.097705428
7/21/2008,-0.026011841
7/22/2008,0.017726094
7/23/2008,0.02538201
7/24/2008,-0.027799376
7/25/2008,0.034397234
7/28/2008,-0.03020447
7/29/2008,0.012554471
7/30/2008,-0.000848623
7/31/2008,-0.018541572
8/1/2008,-0.012432731
8/4/2008,-0.010387671
8/5/2008,0.036393023
8/6/2008,0.013525113
8/7/2008,-0.014845613
8/8/2008,0.033164959
8/11/2008,0.011777537
8/12/2008,0.003534077
8/13/2008,-0.005133221
8/14/2008,0.010919396
8/15/2008,0.009218737
8/18/2008,-0.023228475
8/19/2008,-0.015653162
8/20/2008,-0.011213048
8/21/2008,0.003154587
8/22/2008,0.008344855
8/25/2008,-0.015450788
8/26/2008,-0.018322609
8/27/2008,-0.011768202
8/28/2008,0.011097403
8/29/2008,-0.022141095
9/2/2008,0.004230582
9/3/2008,-0.001805459
9/4/2008,-0.030468783
9/5/2008,-0.013347825
9/8/2008,-0.054698933
9/9/2008,-0.003071804
9/10/2008,-0.010748552
9/11/2008,0.047300558
9/12/2008,0.009014378
9/15/2008,-0.00868251
9/16/2008,0.020905366
9/17/2008,-0.064208797
9/18/2008,0.059325903
9/19/2008,0.022934278
9/22/2008,-0.042324355
9/23/2008,-0.002022618
9/24/2008,0.013604526
9/25/2008,0.010319236
9/26/2008,-0.019472272
9/29/2008,-0.11609134
9/30/2008,0.051233612
10/1/2008,0.027963638
10/2/2008,-0.051564182
10/3/2008,-0.009167939
10/6/2008,-0.040577874
10/7/2008,-0.067886097
10/8/2008,-0.022831751
10/9/2008,-0.027003078
10/10/2008,0.009179906
10/13/2008,0.147650597
10/14/2008,-0.048055173
10/15/2008,-0.064900393
10/16/2008,0.040834976
10/17/2008,0.055294336
10/20/2008,0.018199437
10/21/2008,-0.043683417
10/22/2008,-0.019517649
10/23/2008,-0.009418768
10/24/2008,-0.036983454
10/27/2008,-0.028883824
10/28/2008,0.119153777
10/29/2008,-0.029152494
10/30/2008,0.004720659
10/31/2008,-0.000917451
11/3/2008,-0.035813725
11/4/2008,0.05902053
11/5/2008,-0.067313522
11/6/2008,-0.032199546
11/7/2008,-0.000241563
11/10/2008,-0.037325597
11/11/2008,-0.022962539
11/12/2008,-0.065690645
11/13/2008,0.072439863
11/14/2008,-0.006600871
11/17/2008,-0.031933444
11/18/2008,-0.00899638
11/19/2008,-0.057965192
11/20/2008,-0.073595546
11/21/2008,0.011057177
11/24/2008,-0.01901451
11/25/2008,0.095595073
11/26/2008,0.035596504
11/28/2008,0.002978565
12/1/2008,-0.092060366
12/2/2008,0.034286979
12/3/2008,0.015702793
12/4/2008,-0.018215622
12/5/2008,0.035175286
12/8/2008,0.063805073
12/9/2008,0.012776787
12/10/2008,0.009314633
12/11/2008,-0.027847892
12/12/2008,0.051762022
12/15/2008,-0.01611981
12/16/2008,0.047027417
12/17/2008,-0.030865791
12/18/2008,-0.01573401
12/19/2008,-0.000354516
12/22/2008,-0.042105941
12/23/2008,0.003062887
12/24/2008,0.016542411
12/26/2008,-0.008549246
12/29/2008,-0.009788237
12/30/2008,0.019131229
12/31/2008,0.014978042
1/2/2009,0.044433625
1/5/2009,0.020944839
1/6/2009,0.018320353
1/7/2009,-0.036071373
1/8/2009,0.009875458
1/9/2009,-0.03112019
1/12/2009,-0.007553915
1/13/2009,0.005212793
1/14/2009,-0.042472617
1/15/2009,-0.006578692
1/16/2009,0.00227432
1/20/2009,-0.056462091
1/21/2009,0.071900885
1/22/2009,0.011284142
1/23/2009,0.059380143
1/26/2009,-0.002556218
1/27/2009,0.023497055
1/28/2009,0.051858382
1/29/2009,-0.015344008
1/30/2009,-0.013952034
2/2/2009,0.006026045
2/3/2009,-0.000352308
2/4/2009,0.007490053
2/5/2009,0.031253625
2/6/2009,0.049643842
2/9/2009,0.020173469
2/10/2009,-0.053488956
2/11/2009,-0.001310943
2/12/2009,0.013992795
2/13/2009,-0.014791346
2/17/2009,-0.041992804
2/18/2009,0.03049671
2/19/2009,-0.029650832
2/20/2009,0.011119554
2/23/2009,-0.047308415
2/24/2009,0.046627852
2/25/2009,-0.011029104
2/26/2009,-0.013054629
2/27/2009,0.002402281
3/2/2009,-0.032042436
3/3/2009,-0.005135039
3/4/2009,-0.020154906
3/5/2009,-0.041640534
3/6/2009,0.009586471
3/9/2009,-0.057296577
3/10/2009,0.059403942
3/11/2009,0.031605882
3/12/2009,0.01767801
3/13/2009,0.002750846
3/16/2009,-0.014579879
3/17/2009,0.048953752
3/18/2009,-0.006679858
3/19/2009,-0.009486622
3/20/2009,0.000666785
3/23/2009,0.055851752
3/24/2009,-0.004102188
3/25/2009,-0.008929302
3/26/2009,0.026796894
3/27/2009,-0.015822685
3/30/2009,-0.014409005
3/31/2009,0.015670134
4/1/2009,0.017324583
4/2/2009,0.023751041
4/3/2009,0.020082739
4/6/2009,-0.004164616
4/7/2009,-0.026042827
4/8/2009,0.009340594
4/9/2009,0.02900551
4/13/2009,0.015060484
4/14/2009,-0.024331555
4/15/2009,0.028706164
4/16/2009,0.024347852
4/17/2009,0.00900339
4/20/2009,-0.032989965
4/21/2009,0.005721063
4/22/2009,0.006265231
4/23/2009,0.002162256
4/24/2009,0.012477575
4/27/2009,-0.009088843
4/28/2009,-0.005803843
4/29/2009,0.020223595
4/30/2009,0.011495184
5/1/2009,-0.005758008
5/4/2009,0.021057151
5/5/2009,0.002512556
5/6/2009,0.001191104
5/7/2009,-0.017002498
5/8/2009,0.027029054
5/11/2009,0.001595783
5/12/2009,-0.02198642
5/13/2009,-0.023733728
5/14/2009,-0.005236938
5/15/2009,0.006451606
5/18/2009,0.017538449
5/19/2009,0.005140604
5/20/2009,-0.004261889
5/21/2009,-0.001712068
5/22/2009,-0.007566211
5/26/2009,0.027598428
5/27/2009,0.00296767
5/28/2009,0.011934125
5/29/2009,0.016642323
6/1/2009,0.022361782
6/2/2009,0.00431358
6/3/2009,0.007586345
6/4/2009,0.019993061
6/5/2009,0.009175953
6/8/2009,-0.012490978
6/9/2009,-0.007179177
6/10/2009,-0.00693266
6/11/2009,-0.008321755
6/12/2009,-0.009696981
6/15/2009,-0.018995366
6/16/2009,-0.001847531
6/17/2009,-0.00201928
6/18/2009,-0.002649566
6/19/2009,0.014563093
6/22/2009,-0.030326806
6/23/2009,-0.004099653
6/24/2009,0.008898583
6/25/2009,0.015832316
6/26/2009,0.022969443
6/29/2009,-0.002774392
6/30/2009,-0.006012139
7/1/2009,-0.006167154
7/2/2009,-0.025060251
7/6/2009,0.002741797
7/7/2009,-0.031688653
7/8/2009,0.014774442
7/9/2009,0.019627853
7/10/2009,0.009771193
7/13/2009,0.023889902
7/14/2009,0.000919176
7/15/2009,0.031740787
7/16/2009,0.01011029
7/17/2009,-0.027903325
7/20/2009,-0.000185963
7/21/2009,-0.005276941
7/22/2009,-0.000490798
7/23/2009,0.022563115
7/24/2009,0.021447839
7/27/2009,-0.00429802
7/28/2009,-0.011128604
7/29/2009,-0.008207361
7/30/2009,0.021547774
7/31/2009,-0.005811852
8/3/2009,0.020674866
8/4/2009,0.003361313
8/5/2009,-0.005708295
8/6/2009,-0.001728913
8/7/2009,0.014965765
8/10/2009,-0.001071951
8/11/2009,-0.005847451
8/12/2009,0.010221632
8/13/2009,0.008068394
8/14/2009,-0.004932072
8/17/2009,-0.032847854
8/18/2009,0.000876635
8/19/2009,-0.002941984
8/20/2009,0.037029512
8/21/2009,0.010490688
8/24/2009,0.007501487
8/25/2009,0.005632274
8/26/2009,-0.007149386
8/27/2009,-0.00414533
8/28/2009,-0.002810811
8/31/2009,-0.006627182
9/1/2009,-0.012801371
9/2/2009,-0.006033844
9/3/2009,0.009955575
9/4/2009,0.008261967
9/8/2009,-0.005809648
9/9/2009,0.011665421
9/10/2009,0.015022517
9/11/2009,0.002548111
9/14/2009,0.006311687
9/15/2009,0.005093422
9/16/2009,0.02251123
9/17/2009,0.00702448
9/18/2009,-0.000528765
9/21/2009,0.011272546
9/22/2009,0.004144869
9/23/2009,-0.001202237
9/24/2009,-0.003390435
9/25/2009,-0.008635801
9/28/2009,0.012284757
9/29/2009,0
9/30/2009,-0.005375786
10/1/2009,-0.017444807
10/2/2009,-0.005377695
10/5/2009,0.008130765
10/6/2009,0.020920368
10/7/2009,0.037694931
10/8/2009,-0.006492173
10/9/2009,0.004025799
10/12/2009,0.015089617
10/13/2009,0.003950053
10/14/2009,0.017505826
10/15/2009,-0.010106054
10/16/2009,0.03762903
10/19/2009,0.004073826
10/20/2009,-0.000670243
10/21/2009,-0.001123742
10/22/2009,0.005425488
10/23/2009,-0.00072189
10/26/2009,0.000939169
10/27/2009,-0.010681862
10/28/2009,-0.014572545
10/29/2009,0.01989632
10/30/2009,-0.027093766
11/2/2009,-0.003972923
11/3/2009,0.006179857
11/4/2009,0.005657982
11/5/2009,0.015398015
11/6/2009,0.004465517
11/9/2009,0.020704007
11/10/2009,0.007555424
11/11/2009,0.00670481
11/12/2009,-0.004749737
11/13/2009,0.007396337
11/16/2009,0.00739451
11/17/2009,0.002099609
11/18/2009,-0.001454553
11/19/2009,-0.00634695
11/20/2009,-0.005288142
11/23/2009,0.021738399
11/24/2009,0.001270725
11/25/2009,0.004544704
11/27/2009,-0.010209261
11/30/2009,0.005588527
12/1/2009,0.011783902
12/2/2009,-0.004000897
12/3/2009,-0.003012778
12/4/2009,-0.001246218
12/7/2009,0.002119591
12/8/2009,0.001364579
12/9/2009,0.003355767
12/10/2009,0.004210426
12/11/2009,-0.001673753
12/14/2009,0.008839805
12/15/2009,-0.004347597
12/16/2009,0.007789115
12/17/2009,-0.006390507
12/18/2009,0.004175445
12/21/2009,0.003789321
12/22/2009,0.004075564
12/23/2009,0.017567213
12/24/2009,0.011117008
12/28/2009,0.00709803
12/29/2009,-0.005570968
12/30/2009,0.005376172
12/31/2009,-0.004416063
1/4/2010,0.010919659
1/5/2010,-0.004403672
1/6/2010,-0.025208745
1/7/2010,-0.023279509
1/8/2010,0.013331118
1/11/2010,-0.001511602
1/12/2010,-0.017683895
1/13/2010,-0.005741159
1/14/2010,0.004701156
1/15/2010,-0.016699186
1/19/2010,0.013137945
1/20/2010,-0.012269781
1/21/2010,0.004427837
1/22/2010,-0.056554226
1/25/2010,-0.018199624
1/26/2010,0.004481456
1/27/2010,-0.000589915
1/28/2010,-0.014407025
1/29/2010,-0.008141617
2/1/2010,0.005811946
2/2/2010,-0.003564553
2/3/2010,0.018263254
2/4/2010,-0.025960538
2/5/2010,0.008561459
2/8/2010,0.00410325
2/9/2010,0.00556735
2/10/2010,-0.003709709
2/11/2010,0.003648669
2/12/2010,-0.006114857
2/16/2010,0.015343562
2/17/2010,-0.005708422
2/18/2010,0.009308598
2/19/2010,-0.004528537
2/22/2010,0.003772519
2/23/2010,-0.014241042
2/24/2010,-0.006728075
2/25/2010,-0.009483131
2/26/2010,0.000702912
3/1/2010,0.011180667
3/2/2010,0.015712705
3/3/2010,0.00787341
3/4/2010,0.016999247
3/5/2010,0.017346091
3/8/2010,-0.003066183
3/9/2010,-0.004071337
3/10/2010,0.029025865
3/11/2010,0.008136004
3/12/2010,-0.002753156
3/15/2010,-0.028229253
3/16/2010,0.003586765
3/17/2010,0.000636919
3/18/2010,0.001485236
3/19/2010,-0.011299432
3/22/2010,-0.004464281
3/23/2010,-0.015246642
3/24/2010,0.015173033
3/25/2010,0.009958234
3/26/2010,-0.000337513
3/29/2010,-0.00042658
3/30/2010,0.007573984
3/31/2010,0.000723544
4/1/2010,0.0029623
4/5/2010,0.003885327
4/6/2010,-0.004886008
4/7/2010,-0.008236269
4/8/2010,0.007009248
4/9/2010,-0.002237927
4/12/2010,0.011497347
4/13/2010,0.024514129
4/14/2010,0.003800479
4/15/2010,0.01069612
4/16/2010,-0.075844188
4/19/2010,-9.08685E-05
4/20/2010,0.008980217
4/21/2010,-0.00133325
4/22/2010,-0.013061497
4/23/2010,-0.003783837
4/26/2010,-0.024495904
4/27/2010,-0.004852923
4/28/2010,0.000245723
4/29/2010,0.005309988
4/30/2010,-0.011842134
5/3/2010,0.009320929
5/4/2010,-0.045665242
5/5/2010,0.006694667
5/6/2010,-0.02175533
5/7/2010,-0.011089476
5/10/2010,0.057813192
5/11/2010,-0.024154126
5/12/2010,-0.007189862
5/13/2010,0.010862926
5/14/2010,-0.00655732
5/17/2010,0.000866939
5/18/2010,-0.018898747
5/19/2010,-0.007905785
5/20/2010,-0.039277536
5/21/2010,-0.006231442
5/24/2010,0.010825111
5/25/2010,-0.000188609
5/26/2010,-0.003353804
5/27/2010,0.031526694
5/28/2010,-0.009847934
6/1/2010,-0.006712944
6/2/2010,0.022804136
6/3/2010,0.024788689
6/4/2010,-0.013607596
6/7/2010,-0.026467794
6/8/2010,-0.001524153
6/9/2010,-0.022195633
6/10/2010,0.02740392
6/11/2010,0.003059486
6/14/2010,-0.01086999
6/15/2010,0.030629746
6/16/2010,0.006586497
6/17/2010,-0.002373952
6/18/2010,-0.000100028
6/21/2010,-0.022938597
6/22/2010,-0.004728155
6/23/2010,-0.008637553
6/24/2010,-0.014417581
6/25/2010,-0.0050937
6/28/2010,-0.001269333
6/29/2010,-0.037747824
6/30/2010,-0.020494879
7/1/2010,-0.01227103
7/2/2010,-0.00668963
7/6/2010,-0.001099467
7/7/2010,0.032402995
7/8/2010,0.014127106
7/9/2010,0.023939844
7/12/2010,0.017839981
7/13/2010,0.02809826
7/14/2010,0.004374511
7/15/2010,0.005454452
7/16/2010,-0.06965303
7/19/2010,0.014294739
7/20/2010,0.033055884
7/21/2010,-0.008492723
7/22/2010,0.015308926
7/23/2010,0.010828947
7/26/2010,-0.002224171
7/27/2010,0.00748512
7/28/2010,-0.016807754
7/29/2010,0.001321345
7/30/2010,-0.000288641
8/2/2010,0.011467418
8/3/2010,-0.001182655
8/4/2010,0.03366477
8/5/2010,0.003515549
8/6/2010,-0.015508781
8/9/2010,0.010255481
8/10/2010,-0.003245285
8/11/2010,-0.023763658
8/12/2010,0.000549051
8/13/2010,-0.011503813
8/16/2010,-0.001562681
8/17/2010,0.010152599
8/18/2010,-0.017063527
8/19/2010,-0.029409928
8/20/2010,-0.012714456
8/23/2010,0.004437001
8/24/2010,-0.027323421
8/25/2010,0.007155647
8/26/2010,-0.008006679
8/27/2010,0.01740652
8/30/2010,-0.013381849
8/31/2010,-0.005898086
9/1/2010,0.022910127
9/2/2010,0.006191206
9/3/2010,0.015371998
9/7/2010,-0.012545232
9/8/2010,0.013307492
9/9/2010,0.011900237
9/10/2010,-8.40132E-05
9/13/2010,0.012874381
9/14/2010,-0.003815292
9/15/2010,0.000437135
9/16/2010,0.000873824
9/17/2010,0.018895782
9/20/2010,0.036988652
9/21/2010,0.010191209
9/22/2010,0.004946836
9/23/2010,-0.004883721
9/24/2010,0.026894959
9/27/2010,0.005917025
9/28/2010,-0.00610849
9/29/2010,0.000986415
9/30/2010,-0.003600557
10/1/2010,-0.000323337
10/4/2010,-0.006221269
10/5/2010,0.030401031
10/6/2010,-0.007208754
10/7/2010,-0.008122014
10/8/2010,0.011961961
10/11/2010,0.004642512
10/12/2010,0.004732367
10/13/2010,0.003528003
10/14/2010,-0.004362222
10/15/2010,0.111881395
10/18/2010,0.027034664
10/19/2010,-0.015994517
10/20/2010,0.000246737
10/21/2010,0.006595561
10/22/2010,0.000882435
10/25/2010,0.006481256
10/26/2010,0.003406334
10/27/2010,-0.003443199
10/28/2010,0.003422699
10/29/2010,-0.0078891
11/1/2010,0.002118333
11/2/2010,0.00097564
11/3/2010,0.007439846
11/4/2010,0.006594926
11/5/2010,0.001297468
11/8/2010,0.002703697
11/9/2010,-0.003111238
11/10/2010,-0.003104868
11/11/2010,-0.009135002
11/12/2010,-0.022521411
11/15/2010,-0.012962314
11/16/2010,-0.019732301
11/17/2010,-0.000291248
11/18/2010,0.022294592
11/19/2010,-0.009604993
11/22/2010,0.000660099
11/23/2010,-0.013886608
11/24/2010,0.020514238
11/26/2010,-0.008353321
11/29/2010,-0.013372878
11/30/2010,-0.045352315
12/1/2010,0.015547662
12/2/2010,0.013236527
12/3/2010,0.002063595
12/6/2010,0.009354243
12/7/2010,0.01518082
12/8/2010,0.005790826
12/9/2010,0.001625641
12/10/2010,0.001200317
12/13/2010,0.004069503
12/14/2010,0.000487746
12/15/2010,-0.007749051
12/16/2010,0.002388598
12/17/2010,-0.00153794
12/20/2010,0.007210541
12/21/2010,0.013460851
12/22/2010,0.004012779
12/23/2010,-0.002080984
12/27/2010,-0.003061726
12/28/2010,-0.005743888
12/29/2010,0.003472973
12/30/2010,-0.00356075
12/31/2010,-0.008165557
1/3/2011,0.017475646
1/4/2011,-0.003689926
1/5/2011,0.011542592
1/6/2011,0.007273375
1/7/2011,0.004792168
1/10/2011,-0.003617558
1/11/2011,0.002930587
1/12/2011,0.001396118
1/13/2011,-0.000291785
1/14/2011,0.012145495
1/18/2011,0.024752421
1/19/2011,-0.012319641
1/20/2011,-0.007882804
1/21/2011,-0.023836504
1/24/2011,-0.001225819
1/25/2011,0.014449777
1/26/2011,-0.005500817
1/27/2011,0.000470435
1/28/2011,-0.025616545
1/31/2011,-0.001048232
2/1/2011,0.017789358
2/2/2011,0.001571101
2/3/2011,-0.003022954
2/4/2011,0.001360327
2/7/2011,0.005417574
2/8/2011,0.00665806
2/9/2011,-0.003040212
2/10/2011,-9.72869E-05
2/11/2011,0.013075085
2/14/2011,0.005844647
2/15/2011,-0.006367879
2/16/2011,0.000112192
2/17/2011,0.001666007
2/18/2011,0.007708795
2/22/2011,-0.03153564
2/23/2011,0.001819013
2/24/2011,-0.004089507
2/25/2011,0.002003893
2/28/2011,0.005507869
3/1/2011,-0.020606513
3/2/2011,4.99689E-05
3/3/2011,0.014597435
3/4/2011,-0.014666317
3/7/2011,-0.014917872
3/8/2011,0.001098518
3/9/2011,-0.000911652
3/10/2011,-0.019382559
3/11/2011,-0.006186464
3/14/2011,-0.011652268
3/15/2011,-0.00075442
3/16/2011,-0.021876503
3/17/2011,0.007646719
3/18/2011,-0.000534433
3/21/2011,0.027519414
3/22/2011,0.001422301
3/23/2011,0.008383625
3/24/2011,0.008124921
3/25/2011,-0.012182846
3/28/2011,-0.007555116
3/29/2011,0.011071291
3/30/2011,0.000189038
3/31/2011,0.00845601
4/1/2011,0.008589542
4/4/2011,-0.00696181
4/5/2011,-0.031632841
4/6/2011,0.008944088
4/7/2011,0.010136108
4/8/2011,-0.003172415
4/11/2011,-0.001366401
4/12/2011,-0.011708237
4/13/2011,0.009936801
4/14/2011,0.003869552
4/15/2011,-0.082643248
4/18/2011,-0.007273519
4/19/2011,-0.010078943
4/20/2011,0.008053248
4/21/2011,-0.00119829
4/25/2011,-9.52037E-05
4/26/2011,0.014798555
4/27/2011,0.009271456
4/28/2011,0.000390419
4/29/2011,0.011394702
5/2/2011,-0.010181906
5/3/2011,-0.008671322
5/4/2011,0.00355886
5/5/2011,-0.002836968
5/6/2011,0.001927921
5/9/2011,0.00444607
5/10/2011,0.009261942
5/11/2011,-0.013286346
5/12/2011,-0.00074702
5/13/2011,-0.01027947
5/16/2011,-0.02101785
5/17/2011,0.023224446
5/18/2011,-0.001225371
5/19/2011,0.002717972
5/20/2011,-0.013590618
5/23/2011,-0.010762662
5/24/2011,-0.00025078
5/25/2011,0.002720622
5/26/2011,-0.002963403
5/27/2011,0.005346124
5/31/2011,0.015588371
6/1/2011,-0.00646478
6/2/2011,0.00468035
6/3/2011,-0.009430673
6/6/2011,-0.003861731
6/7/2011,-0.003895984
6/8/2011,0.000269711
6/9/2011,-0.00469973
6/10/2011,-0.01397251
6/13/2011,-0.009381554
6/14/2011,0.00721177
6/15/2011,-0.010661505
6/16/2011,-0.00512975
6/17/2011,-0.030677329
6/20/2011,-0.000907174
6/21/2011,0.017375919
6/22/2011,-0.012150141
6/23/2011,-0.013942228
6/24/2011,-0.011119859
6/27/2011,0.016677869
6/28/2011,0.022473064
6/29/2011,0.007940856
6/30/2011,0.017706048
7/1/2011,0.028930869
7/5/2011,0.021898889
7/6/2011,0.005484229
7/7/2011,0.020995163
7/8/2011,-0.026728829
7/11/2011,-0.008853495
7/12/2011,0.012763551
7/13/2011,0.007958655
7/14/2011,-0.01731509
7/15/2011,0.129844699
7/18/2011,-0.004484541
7/19/2011,0.012791243
7/20/2011,-0.011949187
7/21/2011,0.019551462
7/22/2011,0.018517657
7/25/2011,0.001213129
7/26/2011,0.005719108
7/27/2011,-0.024577512
7/28/2011,0.006126191
7/29/2011,-0.011866916
8/1/2011,0.005101928
8/2/2011,-0.023682791
8/3/2011,0.014804278
8/4/2011,-0.039339988
8/5/2011,0.002631977
8/8/2011,-0.057025477
8/9/2011,0.050163
8/10/2011,-0.042552476
8/11/2011,0.023897632
8/12/2011,0.002917428
8/15/2011,-0.01160045
8/16/2011,-0.032715399
8/17/2011,-0.010853491
8/18/2011,-0.053024415
8/19/2011,-0.027650129
8/22/2011,0.014768199
8/23/2011,0.041451627
8/24/2011,0.008615706
8/25/2011,-0.006210687
8/26/2011,0.013114421
8/29/2011,0.023194036
8/30/2011,0.003005124
8/31/2011,0.000480866
9/1/2011,-0.015638859
9/2/2011,-0.014385
9/6/2011,-0.005068247
9/7/2011,0.022693395
9/8/2011,0.00174145
9/9/2011,-0.018898644
9/12/2011,0.010040935
9/13/2011,-0.001131739
9/14/2011,0.00481566
9/15/2011,0.019715409
9/16/2011,0.007593629
9/19/2011,-1.82668E-05
9/20/2011,-7.31798E-05
9/21/2011,-0.013592315
9/22/2011,-0.034384379
9/23/2011,0.00931514
9/26/2011,0.012140637
9/27/2011,0.014006656
9/28/2011,-0.019468285
9/29/2011,-0.002533781
9/30/2011,-0.023620932
10/3/2011,-0.037899921
10/4/2011,0.012875353
10/5/2011,0.005578814
10/6/2011,0.019833575
10/7/2011,0.000796523
10/10/2011,0.042805544
10/11/2011,0.011188249
10/12/2011,0.009794244
10/13/2011,0.019124845
10/14/2011,0.058480483
10/17/2011,-0.015667302
10/18/2011,0.013907747
10/19/2011,-0.016612775
10/20/2011,0.005114541
10/21/2011,0.011684725
10/24/2011,0.010042474
10/25/2011,-0.022232597
10/26/2011,0.005401513
10/27/2011,0.0210811
10/28/2011,0.002455387
10/31/2011,-0.01249707
11/1/2011,-0.023606213
11/2/2011,0.010662666
11/3/2011,0.021681956
11/4/2011,-0.002276147
11/7/2011,0.020448201
11/8/2011,0.006591767
11/9/2011,-0.018600688
11/10/2011,-0.009767873
11/11/2011,0.02229944
11/14/2011,0.007643616
11/15/2011,0.005807581
11/16/2011,-0.008255467
11/17/2011,-0.017335286
11/18/2011,-0.009968911
11/21/2011,-0.023433289
11/22/2011,-0.001618125
11/23/2011,-0.017051654
11/25/2011,-0.012471252
11/28/2011,0.044742363
11/29/2011,-0.008942686
11/30/2011,0.028236711
12/1/2011,0.023991045
12/2/2011,0.010736884
12/5/2011,0.008527336
12/6/2011,-0.003004885
12/7/2011,-0.000609133
12/8/2011,-0.011774381
12/9/2011,0.01845635
12/12/2011,-0.003235539
12/13/2011,0.000383812
12/14/2011,-0.012083868
12/15/2011,0.002378417
12/16/2011,0.010362478
12/19/2011,-0.006597842
12/20/2011,0.01373367
12/21/2011,-0.007218
12/22/2011,0.006199911
12/23/2011,0.00546287
12/27/2011,0.011229721
12/28/2011,-0.000858987
12/29/2011,0.00422067
12/30/2011,0.005448332
1/3/2012,0.030205897
1/4/2012,0.004313178
1/5/2012,-0.013871475
1/6/2012,-0.013641662
1/9/2012,-0.042398709
1/10/2012,0.001092488
1/11/2012,0.004525434
1/12/2012,0.005878973
1/13/2012,-0.007385162
1/17/2012,0.0057441
1/18/2012,0.006888562
1/19/2012,0.010522826
1/20/2012,-0.083775073
1/23/2012,-0.00080209
1/24/2012,-0.007839109
1/25/2012,-0.019692557
1/26/2012,-0.002440811
1/27/2012,0.020911803
1/30/2012,-0.003948385
1/31/2012,0.004189075
2/1/2012,0.001241099
2/2/2012,0.007368801
2/3/2012,0.01917588
2/6/2012,0.021397532
2/7/2012,-0.003808967
2/8/2012,0.005076131
2/9/2012,0.00263992
2/10/2012,-0.009076572
2/13/2012,0.010381026
2/14/2012,-0.003985558
2/15/2012,-0.006887972
2/16/2012,0.001585319
2/17/2012,-0.003099661
2/21/2012,0.015480227
2/22/2012,-0.00986968
2/23/2012,-0.00301019
2/24/2012,0.006253043
2/27/2012,-0.000967426
2/28/2012,0.014902084
2/29/2012,-0.000226375
3/1/2012,0.006712525
3/2/2012,-0.001847662
3/5/2012,-0.011267632
3/6/2012,-0.015124137
3/7/2012,0.003041525
3/8/2012,0.000560341
3/9/2012,-0.011348267
3/12/2012,0.008163182
3/13/2012,0.020870941
3/14/2012,-0.002897487
3/15/2012,0.008344262
3/16/2012,0.006294957
3/19/2012,0.014303086
3/20/2012,-0.000772878
3/21/2012,0.010244826
3/22/2012,0.009484719
3/23/2012,-0.005355627
3/26/2012,0.010488727
3/27/2012,-0.003557446
3/28/2012,0.013508042
3/29/2012,-0.011208396
3/30/2012,-0.011057762
4/2/2012,0.00885778
4/3/2012,-0.00664687
4/4/2012,-0.011624245
4/5/2012,-0.004455681
4/9/2012,-0.002340512
4/10/2012,-0.006309066
4/11/2012,0.014516735
4/12/2012,0.023665068
4/13/2012,-0.040567767
4/16/2012,-0.029667005
4/17/2012,0.005774925
4/18/2012,-0.003477824
4/19/2012,-0.013416745
4/20/2012,-0.005406315
4/23/2012,0.002583618
4/24/2012,0.006141258
4/25/2012,0.014053605
4/26/2012,0.009430537
4/27/2012,-0.000796121
4/30/2012,-0.016472065
5/1/2012,-0.000694429
5/2/2012,0.004682039
5/3/2012,0.006191767
5/4/2012,-0.022994279
5/7/2012,0.017722791
5/8/2012,0.008624848
5/9/2012,-0.005940039
5/10/2012,0.007403768
5/11/2012,-0.013737312
5/14/2012,-0.002032279
5/15/2012,0.011771499
5/16/2012,0.029160092
5/17/2012,-0.009349196
5/18/2012,-0.036353439
5/21/2012,0.022834793
5/22/2012,-0.02167367
5/23/2012,0.014414155
5/24/2012,-0.009516687
5/25/2012,-0.020094014
5/29/2012,0.00475038
5/30/2012,-0.01028037
5/31/2012,-0.012529095
6/1/2012,-0.017009216
6/4/2012,0.013327893
6/5/2012,-0.014137749
6/6/2012,0.01781166
6/7/2012,-0.00403048
6/8/2012,0.003839339
6/11/2012,-0.020587509
6/12/2012,-0.005980696
6/13/2012,-0.007096035
6/14/2012,-0.003635829
6/15/2012,0.009766614
6/18/2012,0.011231015
6/19/2012,0.018708867
6/20/2012,-0.006912722
6/21/2012,-0.021298368
6/22/2012,0.011093214
6/25/2012,-0.018863305
6/26/2012,0.00709829
6/27/2012,0.008181579
6/28/2012,-0.008765165
6/29/2012,0.027927955
7/2/2012,0.000689559
7/3/2012,0.012679387
7/5/2012,0.013762525
7/6/2012,-0.01668011
7/9/2012,5.12296E-05
7/10/2012,-0.007354892
7/11/2012,-0.018067752
7/12/2012,-0.001242997
7/13/2012,0.010587595
7/16/2012,-0.002775218
7/17/2012,0.003148232
7/18/2012,0.006987676
7/19/2012,0.021179074
7/20/2012,0.029946459
7/23/2012,0.007678201
7/24/2012,-0.012899854
7/25/2012,0.00069122
7/26/2012,0.008832429
7/27/2012,0.035215872
7/30/2012,-0.004189269
7/31/2012,0.001059596
8/1/2012,-0.000458098
8/2/2012,-0.006211702
8/3/2012,0.020007947
8/6/2012,0.002323297
8/7/2012,-0.003546869
8/8/2012,0.002638345
8/9/2012,0.000186874
8/10/2012,-0.000544876
8/13/2012,0.028052965
8/14/2012,0.01310592
8/15/2012,-0.001675032
8/16/2012,0.007984575
8/17/2012,0.006345911
8/20/2012,-0.002362833
8/21/2012,-0.008926229
8/22/2012,0.011456138
8/23/2012,-0.000561181
8/24/2012,0.002703923
8/27/2012,-0.013866197
8/28/2012,0.011999115
8/29/2012,0.015887733
8/30/2012,-0.009200409
8/31/2012,0.005002274
9/4/2012,-0.005911595
9/5/2012,-0.000469842
9/6/2012,0.02744151
9/7/2012,0.009651128
9/10/2012,-0.007618799
9/11/2012,-0.012243694
9/12/2012,-0.001892465
9/13/2012,0.021942947
9/14/2012,0.005155597
9/17/2012,0.000422653
9/18/2012,0.011690523
9/19/2012,0.012836187
9/20/2012,0.000852221
9/21/2012,0.008061863
9/24/2012,0.020967574
9/25/2012,-0.000293574
9/26/2012,0.005739834
9/27/2012,0.00403469
9/28/2012,-0.002643783
10/1/2012,0.009648765
10/2/2012,-0.006287881
10/3/2012,0.00727885
10/4/2012,0.007278637
10/5/2012,-0.000520789
10/8/2012,-0.012779274
10/9/2012,-0.018143612
10/10/2012,0.000631584
10/11/2012,0.009294088
10/12/2012,-0.008955615
10/15/2012,-0.0050621
10/16/2012,0.005020388
10/17/2012,0.014489038
10/18/2012,-0.080067218
10/19/2012,-0.019007244
10/22/2012,-0.004576172
10/23/2012,0.0024754
10/24/2012,-0.004482933
10/25/2012,0.000679122
10/26/2012,-0.003850871
10/31/2012,0.007627888
11/1/2012,0.01071583
11/2/2012,0.000479979
11/5/2012,-0.007210125
11/6/2012,-0.0018156
11/7/2012,-0.021416493
11/8/2012,-0.022229849
11/9/2012,0.016465063
11/12/2012,0.00432866
11/13/2012,-0.010286894
11/14/2012,-0.009862652
11/15/2012,-0.008106686
11/16/2012,-0.000123615
11/19/2012,0.032494838
11/20/2012,0.002633888
11/21/2012,-0.006119627
11/23/2012,0.003153776
11/26/2012,-0.010210074
11/27/2012,0.014459641
11/28/2012,0.019322833
11/29/2012,0.012023384
11/30/2012,0.009365574
12/3/2012,-0.004467529
12/4/2012,-0.006069733
12/5/2012,-0.004645218
12/6/2012,0.004812259
12/7/2012,-0.010012597
12/10/2012,0.001768498
12/11/2012,0.016719631
12/12/2012,0.00097582
12/13/2012,0.007368517
12/14/2012,-0.001053091
12/17/2012,0.026810695
12/18/2012,0.000402289
12/19/2012,-0.001331278
12/20/2012,0.003124494
12/21/2012,-0.009316721
12/24/2012,-0.00856589
12/26/2012,-0.000887917
12/27/2012,-0.003639607
12/28/2012,-0.008891506
12/31/2012,0.010528406
1/2/2013,0.02243489
1/3/2013,0.000580747
1/4/2013,0.019760362
1/7/2013,-0.004363282
1/8/2013,-0.001973536
1/9/2013,0.006573028
1/10/2013,0.004552133
1/11/2013,-0.002009495
1/14/2013,-0.02262193
1/15/2013,0.002322905
1/16/2013,-0.013435843
1/17/2013,-0.005411123
1/18/2013,-0.009573717
1/22/2013,-0.002327909
1/23/2013,0.054960425
1/24/2013,0.017140928
1/25/2013,-0.000716036
1/28/2013,-0.003900905
1/29/2013,0.003929565
1/30/2013,0.000198989
1/31/2013,0.002467364
2/1/2013,0.026346839
2/4/2013,-0.021377051
2/5/2013,0.008853575
2/6/2013,0.005785247
2/7/2013,0.004907987
2/8/2013,0.014755508
2/11/2013,-0.003756245
2/12/2013,-0.002198289
2/13/2013,0.002766725
2/14/2013,0.006335808
2/15/2013,0.006435426
2/19/2013,0.017606513
2/20/2013,-0.017834839
2/21/2013,0.003874009
2/22/2013,0.005254407
2/25/2013,-0.011179053
2/26/2013,-0.000809368
2/27/2013,0.012213165
2/28/2013,0.001775534
3/1/2013,0.006228168
3/4/2013,0.018990534
3/5/2013,0.020815567
3/6/2013,-0.008609606
3/7/2013,0.001467452
3/8/2013,-0.001297094
3/11/2013,0.003968613
3/12/2013,-0.008636628
3/13/2013,-0.002779051
3/14/2013,-0.004567979
3/15/2013,-0.008812702
3/18/2013,-0.007994631
3/19/2013,0.004369982
3/20/2013,0.004178349
3/21/2013,-0.004234657
3/22/2013,-0.001170967
3/25/2013,-0.000826898
3/26/2013,0.003433668
3/27/2013,-0.012013513
3/28/2013,-0.010552393
4/1/2013,0.008814033
4/2/2013,0.014790468
4/3/2013,-0.008412864
4/4/2013,-0.01380551
4/5/2013,-0.015118145
4/8/2013,-0.010471864
4/9/2013,0.003613532
4/10/2013,0.016112655
4/11/2013,0.000265778
4/12/2013,-0.000430186
4/15/2013,-0.010277809
4/16/2013,0.014630463
4/17/2013,-0.01362537
4/18/2013,-0.021276329
4/19/2013,0.04433934
4/22/2013,0.000300089
4/23/2013,0.00973618
4/24/2013,0.006869614
4/25/2013,-0.005347574
4/26/2013,-0.00949201
4/29/2013,0.022010891
4/30/2013,0.006727245
5/1/2013,-0.005020764
5/2/2013,0.011189219
5/3/2013,0.019418793
5/6/2013,0.018717763
5/7/2013,-0.005014249
5/8/2013,0.019131445
5/9/2013,-0.002460992
5/10/2013,0.010040344
5/13/2013,-0.003067338
5/14/2013,0.010905584
5/15/2013,0.032454068
5/16/2013,-0.013123828
5/17/2013,0.005874727
5/20/2013,-0.000714941
5/21/2013,-0.001717087
5/22/2013,-0.019350113
5/23/2013,-0.007454276
5/24/2013,-0.010727416
5/28/2013,0.009103235
5/29/2013,-0.014706069
5/30/2013,0.00282158
5/31/2013,0.00052831
6/3/2013,-0.004120664
6/4/2013,-0.009831405
6/5/2013,0.000698427
6/6/2013,0.005746139
6/7/2013,0.017452398
6/10/2013,0.011924088
6/11/2013,-0.011693702
6/12/2013,-0.008899672
6/13/2013,0.005756974
6/14/2013,-0.002234841
6/17/2013,0.012810857
6/18/2013,0.016214324
6/19/2013,6.66636E-05
6/20/2013,-0.017697758
6/21/2013,-0.004306354
6/24/2013,-0.012645713
6/25/2013,-0.004127439
6/26/2013,0.008600785
6/27/2013,0.003914609
6/28/2013,0.003762506
7/1/2013,0.008530549
7/2/2013,-0.006273364
7/3/2013,0.00466956
7/5/2013,0.007964525
7/8/2013,0.01298275
7/9/2013,0.000165769
7/10/2013,0.000828502
7/11/2013,0.01572864
7/12/2013,0.002999219
7/15/2013,0.001831015
7/16/2013,-0.005493739
7/17/2013,-0.00115265
7/18/2013,-0.008567879
7/19/2013,-0.015460955
7/22/2013,0.015726026
7/23/2013,-0.00757656
7/24/2013,-0.000995827
7/25/2013,-0.016834588
7/26/2013,-0.002647317
7/29/2013,-0.003478831
7/30/2013,0.009804229
7/31/2013,-0.003558097
8/1/2013,0.018552533
8/2/2013,0.002598883
8/5/2013,-0.001731814
8/6/2013,-0.009314893
8/7/2013,-0.006602937
8/8/2013,0.002256788
8/9/2013,-0.002520602
8/12/2013,-0.005503027
8/13/2013,-0.004810842
8/14/2013,-0.012981558
8/15/2013,-0.011669173
8/16/2013,-0.003198957
8/19/2013,0.010199407
8/20/2013,-0.000265679
8/21/2013,0.004518022
8/22/2013,0.005038367
8/23/2013,-0.004005845
8/26/2013,-0.004389804
8/27/2013,-0.018744406
8/28/2013,-0.001882056
8/29/2013,0.00810795
8/30/2013,-0.009971548
9/3/2013,0.01591683
9/4/2013,0.013075639
9/5/2013,0.009097901
9/6/2013,2.2707E-05
9/9/2013,0.009629647
9/10/2013,0.000698149
9/11/2013,0.008462043
9/12/2013,-0.003492534
9/13/2013,-0.004467782
9/16/2013,-0.001473457
9/17/2013,-0.001858635
9/18/2013,0.019421989
9/19/2013,-0.005457612
9/20/2013,0.005253795
9/23/2013,-0.018392001
9/24/2013,0.000383548
9/25/2013,-0.010836208
9/26/2013,0.001071523
9/27/2013,-0.002026899
9/30/2013,-0.000547705
10/1/2013,0.012661114
10/2/2013,0.001116081
10/3/2013,-0.013401015
10/4/2013,-0.004269014
10/7/2013,-0.007577176
10/8/2013,-0.013941871
10/9/2013,0.002565396
10/10/2013,0.014465019
10/11/2013,0.004319042
10/14/2013,0.004724824
10/15/2013,0.00673434
10/16/2013,0.018163021
10/17/2013,-0.0102892
10/18/2013,0.137962856
10/21/2013,-0.008018506
10/22/2013,0.003687865
10/23/2013,0.024240318
10/24/2013,-0.00568156
10/25/2013,-0.010092136
10/28/2013,-0.000197032
10/29/2013,0.020926069
10/30/2013,-0.005616412
10/31/2013,0.000155297
11/1/2013,-0.003434972
11/4/2013,-0.000905502
11/5/2013,-0.00447322
11/6/2013,0.001204084
11/7/2013,-0.014470807
11/8/2013,0.008016309
11/11/2013,-0.005354165
11/12/2013,0.001177521
11/13/2013,0.020449103
11/14/2013,0.002673143
11/15/2013,-0.001613103
11/18/2013,-0.001944802
11/19/2013,-0.006155732
11/20/2013,-0.002818965
11/21/2013,0.01150334
11/22/2013,-0.00210819
11/25/2013,0.013606199
11/26/2013,0.011931919
11/27/2013,0.004440667
11/29/2013,-0.003311137
12/2/2013,-0.004822528
12/3/2013,-0.001156978
12/4/2013,0.004671196
12/5/2013,-0.000793864
12/6/2013,0.011850556
12/9/2013,0.007729928
12/10/2013,0.006047408
12/11/2013,-0.006794803
12/12/2013,-0.006804096
12/13/2013,-0.0085704
12/16/2013,0.011491485
12/17/2013,-0.002907835
12/18/2013,0.013917665
12/19/2013,0.001355233
12/20/2013,0.01325695
12/23/2013,0.013156198
12/24/2013,-0.002923483
12/26/2013,0.005054671
12/27/2013,0.000841224
12/30/2013,-0.007993562
12/31/2013,0.010140084
1/2/2014,-0.006772482
1/3/2014,-0.00729485
1/6/2014,0.01114937
1/7/2014,0.01927819
1/8/2014,0.002081078
1/9/2014,-0.009629973
1/10/2014,-5.31202E-05
1/13/2014,-0.006370651
1/14/2014,0.023526751
1/15/2014,-0.000678626
1/16/2014,0.00661656
1/17/2014,-0.004921165
1/21/2014,0.011446924
1/22/2014,0.001134307
1/23/2014,-0.004223089
1/24/2014,-0.031264618
1/27/2014,-0.020109821
1/28/2014,0.019777943
1/29/2014,-0.014327558
1/30/2014,0.025719981
1/31/2014,0.040144795
2/3/2014,-0.040255006
2/4/2014,0.004173123
2/5/2014,0.004428254
2/6/2014,0.014660579
2/7/2014,0.01506944
2/10/2014,-0.003830245
2/11/2014,0.014706727
2/12/2014,-0.0029324
2/13/2014,0.011131885
2/14/2014,0.002416859
2/18/2014,0.00671764
2/19/2014,-0.007052678
2/20/2014,0.001472059
2/21/2014,-0.00026569
2/24/2014,0.007243739
2/25/2014,0.006177273
2/26/2014,0.0001393
2/27/2014,-0.00078668
2/28/2014,-0.002919962
3/3/2014,-0.010660977
3/4/2014,0.010160514
3/5/2014,0.002757434
3/6/2014,0.001108148
3/7/2014,-0.003952084
3/10/2014,-0.002650691
3/11/2014,-0.009557835
3/12/2014,0.006091728
3/13/2014,-0.015108082
3/14/2014,-0.013674615
3/17/2014,0.016456323
3/18/2014,0.016072415
3/19/2014,-0.009915242
3/20/2014,-0.001742823
3/21/2014,-0.011794571
3/24/2014,-0.021224982
3/25/2014,0.000682304
3/26/2014,-0.023085851
3/27/2014,-0.01230864
3/28/2014,0.002739689
3/31/2014,-0.00539304
4/1/2014,0.018295437
4/2/2014,-0.000282079
4/3/2014,0.004832425
4/4/2014,-0.046687948
4/7/2014,-0.009187283
4/8/2014,0.031125081
4/9/2014,0.016651687
4/10/2014,-0.041106852
4/11/2014,-0.019132995
4/14/2014,0.003618528
4/15/2014,0.007361291
4/16/2014,0.037469157
4/17/2014,-0.036726917
4/21/2014,-0.013952533
4/22/2014,0.011709702
4/23/2014,-0.014715502
4/24/2014,-0.003378032
4/25/2014,-0.017099495
4/28/2014,0.001879193
4/29/2014,0.020400278
4/30/2014,-0.001970851
5/1/2014,0.008905226
5/2/2014,-0.006436451
5/5/2014,-0.000227338
5/6/2014,-0.02400486
5/7/2014,-0.010055489
5/8/2014,0.002039351
5/9/2014,0.015127254
5/12/2014,0.021571916
5/13/2014,0.005982026
5/14/2014,-0.012080504
5/15/2014,-0.012665065
5/16/2014,0.001250114
5/19/2014,0.015807756
5/20/2014,0.001720726
5/21/2014,0.017309407
5/22/2014,0.011355562
5/23/2014,0.014016801
5/27/2014,0.023973265
5/28/2014,-0.007544822
5/29/2014,-0.002848638
5/30/2014,-0.000339189
6/2/2014,-0.010645026
6/3/2014,-0.016229502
6/4/2014,-0.000513823
6/5/2014,0.016964751
6/6/2014,0.004387061
6/9/2014,0.010407533
6/10/2014,-0.002793058
6/11/2014,-0.003050583
6/12/2014,-0.013402745
6/13/2014,0.000743624
6/16/2014,-0.013556534
6/17/2014,-0.00233339
6/18/2014,0.019078782
6/19/2014,0.00276489
6/20/2014,0.002631089
6/23/2014,0.01543973
6/24/2014,-0.000584131
6/25/2014,0.024848554
6/26/2014,-0.004579654
6/27/2014,0.002152827
6/30/2014,-0.003395498
7/1/2014,0.012845892
7/2/2014,-0.000574875
7/3/2014,0.004112727
7/7/2014,-0.004241266
7/8/2014,-0.019167044
7/9/2014,0.008737643
7/10/2014,-0.008644641
7/11/2014,0.014148215
7/14/2014,0.009824159
7/15/2014,-0.000153826
7/16/2014,-0.003625297
7/17/2014,-0.015326312
7/18/2014,0.037212664
7/21/2014,-0.009427347
7/22/2014,0.00894031
7/23/2014,0.00208489
7/24/2014,-0.004412906
7/25/2014,-0.007297498
7/28/2014,0.002682438
7/29/2014,-0.008449106
7/30/2014,0.00309081
7/31/2014,-0.026931306
8/1/2014,-0.009674656
8/4/2014,0.012507383
8/5/2014,-0.01409761
8/6/2014,0.002307761
8/7/2014,-0.005321661
8/8/2014,0.009603123
8/11/2014,-0.001564798
8/12/2014,-0.009068756
8/13/2014,0.021413396
8/14/2014,-0.000226164
8/15/2014,-0.002035937
8/18/2014,0.015135583
8/19/2014,0.008073386
8/20/2014,-0.004038467
8/21/2014,-0.001916113
8/22/2014,-0.001388515
8/25/2014,-0.004051046
8/26/2014,-0.004033135
8/27/2014,-0.01187144
8/28/2014,-0.003152316
8/29/2014,0.004216451
9/2/2014,0.010024463
9/3/2014,0.001056601
9/4/2014,0.006990331
9/5/2014,0.007044971
9/8/2014,0.006210707
9/9/2014,-0.01476973
9/10/2014,0.003597205
9/11/2014,-0.003001148
9/12/2014,-0.009856444
9/15/2014,-0.004377821
9/16/2014,0.011952526
9/17/2014,0.008310992
9/18/2014,0.007695424
9/19/2014,0.011556614
9/22/2014,-0.014612141
9/23/2014,-0.010623603
9/24/2014,0.011804534
9/25/2014,-0.021990161
9/26/2014,0.003547472
9/29/2014,-0.001282277
9/30/2014,0.001735012
10/1/2014,-0.015743993
10/2/2014,0.003185015
10/3/2014,0.009121577
10/6/2014,0.003598246
10/7/2014,-0.023573253
10/8/2014,0.015539092
10/9/2014,-0.020296963
10/10/2014,-0.029221881
10/13/2014,-0.020716689
10/14/2014,0.008870786
10/15/2014,-0.014704174
10/16/2014,-0.010414498
10/17/2014,-0.025433303
10/20/2014,0.018917387
10/21/2014,0.010943848
10/22/2014,0.011718067
10/23/2014,0.021155962
10/24/2014,-0.00772094
10/27/2014,0.001834109
10/28/2014,0.015034094
10/29/2014,0.000783404
10/30/2014,0.001784063
10/31/2014,0.015936442
11/3/2014,-0.006904191
11/4/2014,-0.001999268
11/5/2014,-0.014780397
11/6/2014,-0.007107283
11/7/2014,-0.001900193
11/10/2014,0.011977525
11/11/2014,0.005114294
11/12/2014,-0.005415366
11/13/2014,-0.003526277
11/14/2014,-0.001796984
11/17/2014,-0.01449304
11/18/2014,-0.002758463
11/19/2014,0.003663264
11/20/2014,-0.004022359
11/21/2014,0.004992182
11/24/2014,0.003293105
11/25/2014,0.003356293
11/26/2014,-0.001312101
11/28/2014,0.002701836
12/1/2014,-0.014820225
12/2/2014,-9.36729E-05
12/3/2014,-0.00455268
12/4/2014,0.011273872
12/5/2014,-0.022426572
12/8/2014,0.003274531
12/9/2014,0.012125801
12/10/2014,-0.013705408
12/11/2014,0.004334195
12/12/2014,-0.018321548
12/15/2014,-0.009370274
12/16/2014,-0.03583111
12/17/2014,0.01917683
12/18/2014,0.012299701
12/19/2014,0.010271904
12/22/2014,0.016500498
12/23/2014,0.01089795
12/24/2014,-0.003430117
12/26/2014,0.009947512
12/29/2014,-0.006928356
12/30/2014,0.000169645
12/31/2014,-0.00757886
1/2/2015,-0.003020489
1/5/2015,-0.020845731
1/6/2015,-0.023177049
1/7/2015,-0.001713264
1/8/2015,0.003153082
1/9/2015,-0.012950608
1/12/2015,-0.007295863
1/13/2015,0.0073698
1/14/2015,0.009452206
1/15/2015,0.001836803
1/16/2015,0.0125351
1/20/2015,-0.002322446
1/21/2015,0.021976778
1/22/2015,0.031561155
1/23/2015,0.01040443
1/26/2015,-0.008778531
1/27/2015,-0.030978498
1/28/2015,-0.016640018
1/29/2015,0.001294078
1/30/2015,0.04672392
2/2/2015,-0.011299925
2/3/2015,0.001438116
2/4/2015,-0.012244015
2/5/2015,0.009220332
2/6/2015,0.006482445
2/9/2015,-0.005969859
2/10/2015,0.017259278
2/11/2015,-0.001806537
2/12/2015,0.012985868
2/13/2015,0.011198499
2/17/2015,-0.011238466
2/18/2015,-0.005784404
2/19/2015,0.005873625
2/20/2015,-0.007220833
2/23/2015,-0.013062487
2/24/2015,0.007858518
2/25/2015,0.014512544
2/26/2015,0.021346964
2/27/2015,0.005256683
3/2/2015,0.02317341
3/3/2015,0.004025621
3/4/2015,-0.000470725
3/5/2015,0.003418416
3/6/2015,-0.013288054
3/9/2015,0.002052184
3/10/2015,-0.024329713
3/11/2015,-0.006900786
3/12/2015,0.007855819
3/13/2015,-0.014743147
3/16/2015,0.013136691
3/17/2015,-0.006618495
3/18/2015,0.015721449
3/19/2015,-0.002698827
3/20/2015,0.004247414
3/23/2015,-0.002766115
3/24/2015,0.020364767
3/25/2015,-0.020002115
3/26/2015,-0.006469394
3/27/2015,-0.012302501
3/30/2015,0.006729353
3/31/2015,-0.007300357
4/1/2015,-0.009927016
4/2/2015,-0.012957075
4/6/2015,0.002306145
4/7/2015,0.000475013
4/8/2015,0.008547207
4/9/2015,-0.001532413
4/10/2015,-0.001423967
4/13/2015,-0.001555427
4/14/2015,-0.016284327
4/15/2015,0.004034794
4/16/2015,0.002384761
4/17/2015,-0.018265197
4/20/2015,0.021620019
4/21/2015,-0.002633622
4/22/2015,0.010103602
4/23/2015,0.014155496
4/24/2015,0.033016467
4/27/2015,-0.014450217
4/28/2015,-0.003043021
4/29/2015,-0.008308004
4/30/2015,-0.021381201
5/1/2015,0.001042166
5/4/2015,0.005354164
5/5/2015,-0.0184549
5/6/2015,-0.012396415
5/7/2015,0.012361302
5/8/2015,0.014169886
5/11/2015,-0.004682023
5/12/2015,-0.012432395
5/13/2015,0.001096358
5/14/2015,0.016577979
5/15/2015,-0.008451056
5/18/2015,-0.002903415
5/19/2015,0.009505913
5/20/2015,0.003554478
5/21/2015,0.006008104
5/22/2015,-0.004423926
5/26/2015,-0.014422948
5/27/2015,0.014032857
5/28/2015,-1.84307E-05
5/29/2015,-0.014209573
6/1/2015,0.003533113
6/2/2015,0.009719288
6/3/2015,0.002095784
6/4/2015,-0.006681323
6/5/2015,-0.006279104
6/8/2015,-0.012187576
6/9/2015,-0.000265768
6/10/2015,0.018986501
6/11/2015,-0.00387564
6/12/2015,-0.004264732
6/15/2015,-0.009636888
6/16/2015,0.001801996
6/17/2015,0.002101648
6/18/2015,0.01411399
6/19/2015,-7.44846E-05
6/22/2015,0.00279491
6/23/2015,0.004254962
6/24/2015,-0.004884461
6/25/2015,-0.00485283
6/26/2015,-0.006613938
6/29/2015,-0.019127655
6/30/2015,-0.001936665
7/1/2015,0.002555219
7/2/2015,0.002989417
7/6/2015,-0.00103179
7/7/2015,0.00413119
7/8/2015,-0.01559941
7/9/2015,0.007449211
7/10/2015,0.018149367
7/13/2015,0.030973502
7/14/2015,0.026621513
7/15/2015,-0.001568357
7/16/2015,0.035039816
7/17/2015,0.16052431
7/20/2015,-0.014726604
7/21/2015,-0.001085988
7/22/2015,-0.000301996
7/23/2015,-0.026914283
7/24/2015,-0.032159978
7/27/2015,0.005933691
7/28/2015,0.001179718
7/29/2015,0.00625795
7/30/2015,0.001044474
7/31/2015,-0.011034068
8/3/2015,0.008951322
8/4/2015,-0.003105182
8/5/2015,0.023091028
8/6/2015,-0.001708715
8/7/2015,-0.011483172
8/10/2015,-0.002471285
8/11/2015,0.042683871
8/12/2015,-0.001846351
8/13/2015,-0.004715243
8/14/2015,0.001020615
8/17/2015,0.00570672
8/18/2015,-0.007172349
8/19/2015,0.00726993
8/20/2015,-0.021289161
8/21/2015,-0.053105199
8/24/2015,-0.037339988
8/25/2015,-0.012805054
8/26/2015,0.079991749
8/27/2015,0.014301152
8/28/2015,-0.01133919
8/31/2015,-0.019242369
9/1/2015,-0.033093444
9/2/2015,0.02768539
9/3/2015,-0.013168647
9/4/2015,-0.009154619
9/8/2015,0.023239488
9/9/2015,-0.00315622
9/10/2015,0.014084746
9/11/2015,0.007113614
9/14/2015,-0.004043066
9/15/2015,0.019093808
9/16/2015,0.001322489
9/17/2015,0.010880915
9/18/2015,-0.021231955
9/21/2015,0.009837111
9/22/2015,-0.020064837
9/23/2015,-0.000529986
9/24/2015,0.005527352
9/25/2015,-0.02209974
9/28/2015,-0.027909794
9/29/2015,0.000134405
9/30/2015,0.022606203
10/1/2015,0.004717128
10/2/2015,0.025552513
10/5/2015,0.023225021
10/6/2015,0.00618896
10/7/2015,-0.004771965
10/8/2015,-0.004981649
10/9/2015,0.006962283
10/12/2015,0.004754428
10/13/2015,0.008706148
10/14/2015,-0.001747685
10/15/2015,0.016247954
10/16/2015,0.00069517
10/19/2015,0.005889404
10/20/2015,-0.023750108
10/21/2015,-0.011794986
10/22/2015,0.014285481
10/23/2015,0.07703405
10/26/2015,0.015356167
10/27/2015,-0.006018742
10/28/2015,0.006295109
10/29/2015,0.005568372
10/30/2015,-0.008522548
11/2/2015,0.014490494
11/3/2015,0.001456072
11/4/2015,0.008239189
11/5/2015,0.004312555
11/6/2015,0.003432492
11/9/2015,-0.012088415
11/10/2015,0.004731742
11/11/2015,0.009721025
11/12/2015,-0.005670443
11/13/2015,-0.019460335
11/16/2015,0.016680644
11/17/2015,-0.005020898
11/18/2015,0.020267493
11/19/2015,-0.002148685
11/20/2015,0.024634015
11/23/2015,-0.000819449
11/24/2015,-0.01018539
11/25/2015,-0.000173738
11/27/2015,0.00282027
11/30/2015,-0.010209839
12/1/2015,0.032911397
12/2/2015,-0.006075268
12/3/2015,-0.012906984
12/4/2015,0.018962474
12/7/2015,-0.004642607
12/8/2015,-0.001152971
12/9/2015,-0.014113895
12/10/2015,-0.002860477
12/11/2015,-0.014130209
12/14/2015,0.012045454
12/15/2015,-0.005844036
12/16/2015,0.019760562
12/17/2015,-0.01142349
12/18/2015,-0.01350359
12/21/2015,0.011443132
12/22/2015,0.002982174
12/23/2015,0.00041333
12/24/2015,-0.002545579
12/28/2015,0.018853534
12/29/2015,0.018478401
12/30/2015,-0.007210888
12/31/2015,-0.015719838
1/4/2016,-0.022454114
1/5/2016,0.000997506
1/6/2016,0.001400493
1/7/2016,-0.02317041
1/8/2016,-0.016409978
1/11/2016,0.002183519
1/12/2016,0.014021728
1/13/2016,-0.035134366
1/14/2016,0.020212363
1/15/2016,-0.0283607
1/19/2016,0.010569466
1/20/2016,-0.00475921
1/21/2016,0.011654398
1/22/2016,0.026408486
1/25/2016,-0.018724601
1/26/2016,0.001925043
1/27/2016,-0.018301902
1/28/2016,0.044243535
1/29/2016,0.016403072
2/1/2016,0.012181153
2/2/2016,0.016821841
2/3/2016,-0.049303617
2/4/2016,-0.026054064
2/5/2016,-0.03451929
2/8/2016,-0.001214239
2/9/2016,-0.006781505
2/10/2016,0.008862883
2/11/2016,-0.001476363
2/12/2016,-0.001039307
2/16/2016,0.012602543
2/17/2016,0.025180933
2/18/2016,-0.0155986
2/19/2016,0.005105037
2/22/2016,0.007918348
2/23/2016,-0.015018608
2/24/2016,0.005331641
2/25/2016,0.008848422
2/26/2016,-0.000963504
2/29/2016,-0.010353565
3/1/2016,0.03015317
3/2/2016,5.56169E-05
3/3/2016,-0.008944833
3/4/2016,-0.002147565
3/7/2016,-0.022127251
3/8/2016,-0.00171184
3/9/2016,0.016239924
3/10/2016,0.010748139
3/11/2016,0.019640302
3/14/2016,0.00504937
3/15/2016,-0.002956883
3/16/2016,0.010654524
3/17/2016,0.002295918
3/18/2016,-0.000244048
3/21/2016,0.00608738
3/22/2016,-0.001805747
3/23/2016,-0.003631458
3/24/2016,-0.003739547
3/28/2016,-0.002407124
3/29/2016,0.015323149
3/30/2016,0.007733944
3/31/2016,-0.007434769
4/1/2016,0.006658112
4/4/2016,-0.006160733
4/5/2016,-0.010049766
4/6/2016,0.010693975
4/7/2016,-0.007254989
4/8/2016,-0.001526456
4/11/2016,-0.004126427
4/12/2016,0.009496062
4/13/2016,0.011613591
4/14/2016,0.001968873
4/15/2016,0.007700462
4/18/2016,0.010026331
4/19/2016,-0.016540344
4/20/2016,-0.001671256
4/21/2016,0.008596107
4/22/2016,-0.053178589
4/25/2016,0.00609375
4/26/2016,-0.020756426
4/27/2016,-0.003247928
4/28/2016,-0.020996269
4/29/2016,0.002879787
5/2/2016,0.007503517
5/3/2016,-0.00837862
5/4/2016,0.004824119
5/5/2016,0.008236281
5/6/2016,0.013814639
5/9/2016,0.002503135
5/10/2016,0.01441993
5/11/2016,-0.010910167
5/12/2016,-0.002768081
5/13/2016,-0.003476722
5/16/2016,0.007962485
5/17/2016,-0.014319823
5/18/2016,0.000566422
5/19/2016,-0.008929705
5/20/2016,0.013450969
5/23/2016,-0.007749317
5/24/2016,0.022506584
5/25/2016,0.007193535
5/26/2016,-0.00158565
5/27/2016,0.011793595
5/31/2016,0.004176559
6/1/2016,-0.002133891
6/2/2016,-0.005107948
6/3/2016,-0.011035045
6/6/2016,-0.00801567
6/7/2016,0.000139609
6/8/2016,0.016228291
6/9/2016,0.000411913
6/10/2016,-0.012586187
6/13/2016,-0.001459512
6/14/2016,-0.000125238
6/15/2016,0.000904901
6/16/2016,-0.011906746
6/17/2016,-0.026240237
6/20/2016,0.002876961
6/21/2016,0.003214571
6/22/2016,0.002184124
6/23/2016,0.006322904
6/24/2016,-0.037970029
6/27/2016,-0.010307694
6/28/2016,0.017627822
6/29/2016,0.005984953
6/30/2016,0.011679394
7/1/2016,0.010273149
7/5/2016,-0.006092604
7/6/2016,0.004057856
7/7/2016,-0.003453909
7/8/2016,0.014769356
7/11/2016,0.013406491
7/12/2016,0.007761243
7/13/2016,-0.005078866
7/14/2016,0.005537158
7/15/2016,-0.001525815
7/18/2016,0.019351329
7/19/2016,0.004333714
7/20/2016,0.005739769
7/21/2016,-0.003453902
7/22/2016,0.005564336
7/25/2016,-0.003998668
7/26/2016,-0.001824941
7/27/2016,0.004536763
7/28/2016,0.005581182
7/29/2016,0.03067395
8/1/2016,0.005320084
8/2/2016,-0.002341887
8/3/2016,0.002736438
8/4/2016,-0.002030584
8/5/2016,0.013750451
8/8/2016,-0.00058802
8/9/2016,0.003197912
8/10/2016,0.000535515
8/11/2016,0.000216627
8/12/2016,-0.002076836
8/15/2016,-0.000995848
8/16/2016,-0.006773667
8/17/2016,0.003564298
8/18/2016,-0.003090066
8/19/2016,-0.002675263
8/22/2016,-0.004217016
8/23/2016,-9.06654E-05
8/24/2016,-0.003160297
8/25/2016,-0.000298895
8/26/2016,0.000168967
8/29/2016,0.003391697
8/30/2016,-0.003962957
8/31/2016,-0.002652536
9/1/2016,0.002255448
9/2/2016,0.003486033
9/6/2016,0.011173612
9/7/2016,0.000346065
9/8/2016,-0.006445785
9/9/2016,-0.020198156
9/12/2016,0.012321363
9/13/2016,-0.012132346
9/14/2016,0.003685698
9/15/2016,0.012157562
9/16/2016,-0.003731736
9/19/2016,-0.004135876
9/20/2016,0.007457177
9/21/2016,0.006235332
9/22/2016,0.014158424
9/23/2016,-0.000393793
9/26/2016,-0.016126575
9/27/2016,0.011366409
9/28/2016,-0.001851844
9/29/2016,-0.008380659
9/30/2016,0.002941856
10/3/2016,-0.00608522
10/4/2016,0.005009313
10/5/2016,5.14895E-05
10/6/2016,0.000502292
10/7/2016,-0.002291234
10/10/2016,0.014011438
10/11/2016,-0.003651672
10/12/2016,0.003920476
10/13/2016,-0.010112718
10/14/2016,0.000436946
10/17/2016,0.001836786
10/18/2016,0.019616374
10/19/2016,0.007846478
10/20/2016,-0.005651939
10/21/2016,0.003011436
10/24/2016,0.017188524
10/25/2016,-0.006690365
10/26/2016,-0.010647883
10/27/2016,-0.004655452
10/28/2016,2.51707E-05
10/31/2016,-0.013616326
11/1/2016,-0.001185399
11/2/2016,-0.019027288
11/3/2016,-0.008546907
11/4/2016,-0.000144313
11/7/2016,0.02690218
11/8/2016,0.010210589
11/9/2016,-0.006578047
11/10/2016,-0.028969452
11/11/2016,-0.01119909
11/14/2016,-0.023792475
11/15/2016,0.030445023
11/16/2016,0.007897257
11/17/2016,0.008829531
11/18/2016,-0.013860979
11/21/2016,0.011386692
11/22/2016,-0.001209039
11/23/2016,-0.009475873
11/25/2016,0.000906717
11/28/2016,0.008612537
11/29/2016,0.003384407
11/30/2016,-0.016605325
12/1/2016,-0.013350213
12/2/2016,0.00344959
12/5/2016,0.016016015
12/6/2016,-0.004472058
12/7/2016,0.015913395
12/8/2016,0.006781702
12/9/2016,0.016576074
12/12/2016,-2.52867E-05
12/13/2016,0.00865351
12/14/2016,0.00121848
12/15/2016,0.000978544
12/16/2016,-0.008836232
12/19/2016,0.004299475
12/20/2016,0.002795229
12/21/2016,-0.002335433
12/22/2016,-0.004153227
12/23/2016,-0.001706186
12/27/2016,0.002076205
12/28/2016,-0.008211737
12/29/2016,-0.00287881
12/30/2016,-0.014013939
1/3/2017,0.018553558
1/4/2017,0.000966761
1/5/2017,0.009048157
1/6/2017,0.015276699
1/9/2017,0.000620232
1/10/2017,-0.00230589
1/11/2017,0.003876782
1/12/2017,-0.001918515
1/13/2017,0.001885038
1/17/2017,-0.004047655
1/18/2017,0.001814571
1/19/2017,-0.004832111
1/20/2017,0.003546647
1/23/2017,0.017751084
1/24/2017,0.005565656
1/25/2017,0.014322633
1/26/2017,-0.004212139
1/27/2017,-0.010623117
1/30/2017,-0.025494638
1/31/2017,-0.006892548
2/1/2017,-0.001374228
2/2/2017,0.003562951
2/3/2017,0.003706762
2/6/2017,-0.000187106
2/7/2017,0.007025662
2/8/2017,0.001747319
2/9/2017,0.001459701
2/10/2017,0.005076814
2/13/2017,0.006845536
2/14/2017,0.001477006
2/15/2017,-0.001791738
2/16/2017,0.006324932
2/17/2017,0.004744266
2/21/2017,0.004335341
2/22/2017,-0.001082129
2/23/2017,0.000686128
2/24/2017,-0.003235782
2/27/2017,0.000772368
2/28/2017,-0.007319611
3/1/2017,0.014613486
3/2/2017,-0.005519354
3/3/2017,-0.001866039
3/6/2017,-0.001567988
3/7/2017,0.00498918
3/8/2017,0.00415913
3/9/2017,0.003962313
3/10/2017,0.005449048
3/13/2017,0.002715657
3/14/2017,9.46343E-05
3/15/2017,0.001868472
3/16/2017,0.001864987
3/17/2017,0.003935019
3/20/2017,-0.004365548
3/21/2017,-0.021145688
3/22/2017,-0.001047606
3/23/2017,-0.014477042
3/24/2017,-0.003852864
3/27/2017,0.006237512
3/28/2017,0.001720507
3/29/2017,0.012778335
3/30/2017,0.000108282
3/31/2017,-0.002333136
4/3/2017,0.010837058
4/4/2017,-0.004746265
4/5/2017,-0.003786422
4/6/2017,-0.004245761
4/7/2017,-0.0038774
4/10/2017,7.27535E-05
4/11/2017,-0.001673281
4/12/2017,0.001178152
4/13/2017,-0.000921984
4/17/2017,0.016525797
4/18/2017,-0.000418046
4/19/2017,0.001661068
4/20/2017,0.004103986
4/21/2017,0.001829713
4/24/2017,0.023209487
4/25/2017,0.011057511
4/26/2017,-0.000653453
4/27/2017,0.002890826
4/28/2017,0.036271115
5/1/2017,0.007296111
5/2/2017,0.004240765
5/3/2017,0.01156647
5/4/2017,0.004983599
5/5/2017,-0.004862255
5/8/2017,0.007733525
5/9/2017,-0.002279787
5/10/2017,-0.003636626
5/11/2017,0.001959502
5/12/2017,0.001740807
5/15/2017,0.005213412
5/16/2017,0.006317479
5/17/2017,-0.024793218
5/18/2017,0.011548243
5/19/2017,0.004052739
5/22/2017,0.008404595
5/23/2017,0.007389657
5/24/2017,0.006471211
5/25/2017,0.015267609
5/26/2017,0.001990627
5/30/2017,0.004539548
5/31/2017,-0.011292392
6/1/2017,0.002166145
6/2/2017,0.008945616
6/5/2017,0.008282101
6/6/2017,-0.007227946
6/7/2017,0.004474841
6/8/2017,0.002517963
6/9/2017,-0.034146446
6/12/2017,-0.007296035
6/13/2017,0.011135857
6/14/2017,-0.002769052
6/15/2017,-0.008887639
6/16/2017,-0.002684858
6/19/2017,0.01871711
6/20/2017,-0.00704011
6/21/2017,0.009278065
6/22/2017,-0.002459727
6/23/2017,0.008881087
6/26/2017,-0.013794682
6/27/2017,-0.026190053
6/28/2017,0.014191251
6/29/2017,-0.024136368
6/30/2017,-0.009871537
7/3/2017,-0.011037347
7/5/2017,0.014476477
7/6/2017,-0.005506158
7/7/2017,0.013124689
7/10/2017,0.011114818
7/11/2017,0.001388931
7/12/2017,0.014772753
7/13/2017,0.003528131
7/14/2017,0.009322625
7/17/2017,-0.00268832
7/18/2017,0.012565335
7/19/2017,0.005686752
7/20/2017,-0.002822143
7/21/2017,0.004926879
7/24/2017,0.007626572
7/25/2017,-0.030234423
7/26/2017,-0.00305041
7/27/2017,-0.014465036
7/28/2017,0.007964974
7/31/2017,-0.011715005
8/1/2017,0.000354666
8/2/2017,-0.000472699
8/3/2017,-0.007244263
8/4/2017,0.004666267
8/7/2017,0.001508646
8/8/2017,-0.002765352
8/9/2017,-0.004197233
8/10/2017,-0.016968289
8/11/2017,0.007881073
8/14/2017,0.009055182
8/15/2017,-0.000487728
8/16/2017,0.005139827
8/17/2017,-0.017239192
8/18/2017,-0.00034029
8/21/2017,-0.004403362
8/22/2017,0.019886209
8/23/2017,0.002498132
8/24/2017,-0.006170411
8/25/2017,-0.005850572
8/28/2017,-0.002271034
8/29/2017,0.008185488
8/30/2017,0.00898743
8/31/2017,0.010499489
9/1/2017,-0.002118521
9/5/2017,-0.009484301
9/6/2017,-0.000689337
9/7/2017,0.008773364
9/8/2017,-0.010096706
9/11/2017,0.002784692
9/12/2017,0.003218227
9/13/2017,0.003240121
9/14/2017,-0.010672814
9/15/2017,-0.005210199
9/18/2017,-0.005748164
9/19/2017,0.00744262
9/20/2017,0.010598735
9/21/2017,0.000933892
9/22/2017,-0.00420396
9/25/2017,-0.008141965
9/26/2017,0.004223824
9/27/2017,0.02122484
9/28/2017,0.00530446
9/29/2017,0.010121101
10/2/2017,-0.006088943
10/3/2017,0.00474153
10/4/2017,-0.006379254
10/5/2017,0.019208168
10/6/2017,0.009206557
10/9/2017,-0.001930773
10/10/2017,-0.004503607
10/11/2017,0.017119088
10/12/2017,-0.001435414
10/13/2017,0.001872767
10/16/2017,0.002344199
10/17/2017,0.000181444
10/18/2017,0.00063497
10/19/2017,-0.008420529
10/20/2017,0.003809234
10/23/2017,-0.019985833
10/24/2017,0.002158052
10/25/2017,0.002874729
10/26/2017,-0.000791119
10/27/2017,0.048027908
10/30/2017,-0.002119198
10/31/2017,-0.000462064
11/1/2017,0.008714968
11/2/2017,7.79678E-05
11/3/2017,0.006727924
11/6/2017,-0.006372962
11/7/2017,0.007242355
11/8/2017,0.006309717
11/9/2017,-0.008260774
11/10/2017,-0.003093365
11/13/2017,-0.002256603
11/14/2017,0.000243724
11/15/2017,-0.00496104
11/16/2017,0.011352644
11/17/2017,-0.012987867
11/20/2017,-0.000696722
11/21/2017,0.015819228
11/22/2017,0.001420962
11/24/2017,0.004488614
11/27/2017,0.013069235
11/28/2017,-0.006450259
11/29/2017,-0.024584509
11/30/2017,-0.0002447
12/1/2017,-0.011004386
12/4/2017,-0.011374314
12/5/2017,0.006478583
12/6/2017,0.013162195
12/7/2017,0.012323542
12/8/2017,0.005936382
12/11/2017,0.003905238
12/12/2017,-0.00059552
12/13/2017,0.000124947
12/14/2017,0.008206762
12/15/2017,0.014335335
12/18/2017,0.01216895
12/19/2017,-0.005997327
12/20/2017,-0.005351835
12/21/2017,-0.001239444
12/22/2017,-0.003300029
12/26/2017,-0.003188323
12/27/2017,-0.006974275
12/28/2017,-0.001172113
12/29/2017,-0.001660075
1/2/2018,0.017775206
1/3/2018,0.016413127
1/4/2018,0.003621355
1/5/2018,0.01457102
1/8/2018,0.00427312
1/9/2018,-0.000614244
1/10/2018,-0.003299428
1/11/2018,0.002639224
1/12/2018,0.015142186
1/16/2018,-0.00044553
1/17/2018,0.009110656
1/18/2018,-0.001934611
1/19/2018,0.006833102
1/22/2018,0.016087814
1/23/2018,0.012251072
1/24/2018,-0.004897545
1/25/2018,0.005265242
1/26/2018,0.004673711
1/29/2018,-0.000221127
1/30/2018,-0.01011417
1/31/2018,0.005370846
2/1/2018,-0.00191462
2/2/2018,-0.047786186
2/5/2018,-0.050454154
2/6/2018,0.023489227
2/7/2018,-0.029631705
2/8/2018,-0.044879683
2/9/2018,0.036204977
2/12/2018,0.013644425
2/13/2018,0.000152133
2/14/2018,0.016728424
2/15/2018,0.018528625
2/16/2018,0.004846197
2/20/2018,0.006996631
2/21/2018,0.008054719
2/22/2018,-0.004238092
2/23/2018,0.018217502
2/26/2018,0.015051572
2/27/2018,-0.022260075
2/28/2018,-0.012125708
3/1/2018,-0.031872006
3/2/2018,0.008789012
3/5/2018,0.011131511
3/6/2018,0.003785765
3/7/2018,0.013314298
3/8/2018,0.014743507
3/9/2018,0.03023094
3/12/2018,0.003844661
3/13/2018,-0.022610525
3/14/2018,0.009945742
3/15/2018,7.8266E-05
3/16/2018,-0.012047858
3/19/2018,-0.031618461
3/20/2018,-0.001918482
3/21/2018,-0.006222004
3/22/2018,-0.038317733
3/23/2018,-0.026222929
3/26/2018,0.03097189
3/27/2018,-0.045679387
3/28/2018,-0.000537238
3/29/2018,0.027106436
4/2/2018,-0.024539942
4/3/2018,0.006895389
4/4/2018,0.011574824
4/5/2018,0.002604565
4/6/2018,-0.020208093
4/9/2018,0.008351241
4/10/2018,0.015943673
4/11/2018,-0.011312128
4/12/2018,0.012294518
4/13/2018,-0.003137974
4/16/2018,0.008462269
4/17/2018,0.034856216
4/18/2018,-0.001936469
4/19/2018,0.014569804
4/20/2018,-0.013551522
4/23/2018,-0.005135336
4/24/2018,-0.044470442
4/25/2018,0.001176506
4/26/2018,0.018468875
4/27/2018,-0.00960539
4/30/2018,-0.012348946
5/1/2018,0.019639686
5/2/2018,-0.012464985
5/3/2018,-0.000644325
5/4/2018,0.023922548
5/7/2018,0.006277443
5/8/2018,-0.000834294
5/9/2018,0.02737423
5/10/2018,0.013677949
5/11/2018,0.00062872
5/14/2018,0.001766377
5/15/2018,-0.019060145
5/16/2018,0.002353567
5/17/2018,-0.002939677
5/18/2018,-0.01133886
5/21/2018,0.012397287
5/22/2018,-0.009123897
5/23/2018,0.009310724
5/24/2018,-0.000416741
5/25/2018,-0.003317108
5/29/2018,-0.014261093
5/30/2018,0.007054572
5/31/2018,0.016098464
6/1/2018,0.031806754
6/4/2018,0.017677569
6/5/2018,0.000324759
6/6/2018,-0.002439349
6/7/2018,-0.011452414
6/8/2018,-0.002660465
6/11/2018,0.008136532
6/12/2018,0.008256671
6/13/2018,-0.003975974
6/14/2018,0.015271509
6/15/2018,0.000121528
6/18/2018,0.018398583
6/19/2018,-0.004601693
6/20/2018,0.001523815
6/21/2018,-0.010411622
6/22/2018,-0.001883156
6/25/2018,-0.026543014
6/26/2018,-0.005645485
6/27/2018,-0.012946356
6/28/2018,0.009275522
6/29/2018,0.001283457
7/2/2018,0.0105857
7/3/2018,-0.0217923
7/5/2018,0.019385437
7/6/2018,0.014142531
7/9/2018,0.012173627
7/10/2018,-0.001048553
7/11/2018,0.000919519
7/12/2018,0.025634765
7/13/2018,0.004512088
7/16/2018,-0.004172172
7/17/2018,0.01261979
7/18/2018,-0.002435806
7/19/2018,-0.007458979
7/20/2018,-0.00172704
7/23/2018,0.017376818
7/24/2018,0.035321407
7/25/2018,0.01251522
7/26/2018,0.003663848
7/27/2018,-0.023519082
7/30/2018,-0.015147364
7/31/2018,-0.002033204
8/1/2018,0.002259172
8/2/2018,0.005032757
8/3/2018,-0.00199002
8/6/2018,0.000866267
8/7/2018,0.014247533
8/8/2018,0.002728997
8/9/2018,0.002801833
8/10/2018,-0.009198616
8/13/2018,-0.002100803
8/14/2018,0.005740817
8/15/2018,-0.022317021
8/16/2018,-0.006497155
8/17/2018,-0.004583568
8/20/2018,0.005670513
8/21/2018,-0.00509205
8/22/2018,0.004751886
8/23/2018,-0.001615094
8/24/2018,0.01266822
8/27/2018,0.017343155
8/28/2018,-0.008592165
8/29/2018,0.014742334
8/30/2018,-0.008148606
8/31/2018,-0.016891063
9/4/2018,-0.017394612
9/5/2018,-0.008788655
9/6/2018,-0.012676184
9/7/2018,-0.005642615
9/10/2018,-0.000163063
9/11/2018,0.010921804
9/12/2018,-0.012349697
9/13/2018,0.010758338
9/14/2018,-0.002382248
9/17/2018,-0.01405506
9/18/2018,0.004472057
9/19/2018,0.008499677
9/20/2018,0.013474651
9/21/2018,-0.01750826
9/24/2018,0.006243111
9/25/2018,0.009613361
9/26/2018,-0.003511614
9/27/2018,0.011986569
9/28/2018,-0.000979411
10/1/2018,0.001541797
10/2/2018,0.004015633
10/3/2018,0.002366421
10/4/2018,-0.028895641
10/5/2018,-0.009279283
10/8/2018,-0.007240684
10/9/2018,-0.008834021
10/10/2018,-0.05057865
10/11/2018,-0.001757297
10/12/2018,0.028499436
10/15/2018,-0.016061866
10/16/2018,0.026578191
10/17/2018,-0.004985452
10/18/2018,-0.024845586
10/19/2018,0.007803515
10/22/2018,0.004286589
10/23/2018,0.002297493
10/24/2018,-0.048002594
10/25/2018,0.042694927
10/26/2018,-0.02199766
10/29/2018,-0.047962104
10/30/2018,0.01581243
10/31/2018,0.039142703
11/1/2018,-0.006287341
11/2/2018,-0.011411179
11/5/2018,-0.016733068
11/6/2018,0.015114167
11/7/2018,0.035593482
11/8/2018,-0.0100513
11/9/2018,-0.015012934
11/12/2018,-0.02581252
11/13/2018,-0.002483999
11/14/2018,0.007345191
11/15/2018,0.020169333
11/16/2018,-0.003024271
11/19/2018,-0.039086558
11/20/2018,0.005647069
11/21/2018,0.011552385
11/23/2018,-0.013232313
11/26/2018,0.024162978
11/27/2018,-0.004014763
11/28/2018,0.040041693
11/29/2018,0.001905737
11/30/2018,0.005632642
12/3/2018,0.010964611
12/4/2018,-0.050260844
12/6/2018,0.017043866
12/7/2018,-0.030082457
12/10/2018,0.002865281
12/11/2018,0.0117358
12/12/2018,0.011343051
12/13/2018,-0.001673464
12/14/2018,-0.018645868
12/17/2018,-0.024536942
12/18/2018,0.011981871
12/19/2018,-0.005540873
12/20/2018,-0.013294139
12/21/2018,-0.029591539
12/24/2018,-0.003389354
12/26/2018,0.064780472
12/27/2018,0.00425225
12/28/2018,-0.006514206
12/31/2018,-0.001417413
1/2/2019,0.009887884
1/3/2019,-0.028483988
1/4/2019,0.053786157
1/7/2019,-0.002166736
1/8/2019,0.007384957
1/9/2019,-0.00150518
1/10/2019,-0.004029254
1/11/2019,-0.012276602
1/14/2019,-0.011823798
1/15/2019,0.0310715
1/16/2019,0.003546346
1/17/2019,0.008261148
1/18/2019,0.007670415
1/22/2019,-0.025258126
1/23/2019,0.004717264
1/24/2019,-0.001552593
1/25/2019,0.015913926
1/28/2019,-0.01916611
1/29/2019,-0.008840424
1/30/2019,0.026814565
1/31/2019,0.025076612
2/1/2019,-0.005034169
2/4/2019,0.019851496
2/5/2019,0.011643662
2/6/2019,-0.02684143
2/7/2019,-0.014813105
2/8/2019,-0.003321989
2/11/2019,-4.57043E-05
2/12/2019,0.024072826
2/13/2019,-0.001079002
2/14/2019,0.001348031
2/15/2019,-0.007150071
2/19/2019,0.004408957
2/20/2019,-0.00425548
2/21/2019,-0.015110502
2/22/2019,0.012215488
2/25/2019,-0.000873557
2/26/2019,0.005164937
2/27/2019,0.000825055
2/28/2019,0.003467582
3/1/2019,0.018813795
3/4/2019,0.005968553
3/5/2019,0.012397612
3/6/2019,-0.003588585
3/7/2019,-0.012574868
3/8/2019,-0.000857258
3/11/2019,0.029273816
3/12/2019,0.014832909
3/13/2019,0.000100566
3/14/2019,-0.00651116
3/15/2019,-0.000919479
3/18/2019,-0.000168812
3/19/2019,0.012319901
3/20/2019,0.02095341
3/21/2019,0.006184848
3/22/2019,-0.021144289
3/25/2019,-0.010369141
3/26/2019,-0.007024313
3/27/2019,-0.009792149
3/28/2019,-0.003861852
3/29/2019,0.004125041
4/1/2019,0.018000353
4/2/2019,0.005073496
4/3/2019,0.004523198
4/4/2019,0.007529484
4/5/2019,-0.006460886
4/8/2019,-0.002742044
4/9/2019,-0.005474121
4/10/2019,0.004101093
4/11/2019,0.002046284
4/12/2019,0.010999319
4/15/2019,0.002652156
4/16/2019,0.004938194
4/17/2019,0.007505285
4/18/2019,2.42886E-05
4/22/2019,0.010085954
4/23/2019,0.012579741
4/24/2019,-0.006761337
4/25/2019,0.00593149
4/26/2019,0.006909734
4/29/2019,0.012105128
4/30/2019,-0.076966075
5/1/2019,-0.017164802
5/2/2019,-0.004682874
5/3/2019,0.01960248
5/6/2019,0.003365945
5/7/2019,-0.012855362
5/8/2019,-0.006668901
5/9/2019,-0.003335433
5/10/2019,0.001625987
5/13/2019,-0.027691163
5/14/2019,-0.010238322
5/15/2019,0.03906503
5/16/2019,0.012686731
5/17/2019,-0.014147764
5/20/2019,-0.020175576
5/21/2019,0.009465715
5/22/2019,0.001557057
5/23/2019,-0.009249469
5/24/2019,-0.006399229
5/28/2019,0.000599974
5/29/2019,-0.015597639
5/30/2019,0.001334566
5/31/2019,-0.012809112
6/3/2019,-0.061071215
6/4/2019,0.016231985
6/5/2019,-0.010284486
6/6/2019,0.002034115
6/7/2019,0.020778744
6/10/2019,0.01345162
6/11/2019,-0.001536528
6/12/2019,-0.001566618
6/13/2019,0.010900338
6/14/2019,-0.0031412
6/17/2019,0.006587759
6/18/2019,0.010160161
6/19/2019,-0.001150797
6/20/2019,0.00824625
6/21/2019,0.009411348
6/24/2019,-0.005669042
6/25/2019,-0.026149279
6/26/2019,-0.006029297
6/27/2019,-0.003509945
6/28/2019,0.004553883
7/1/2019,0.015764417
7/2/2019,0.012113529
7/3/2019,0.009295798
7/5/2019,0.008924919
7/8/2019,-0.013467767
7/9/2019,0.007596166
7/10/2019,0.013913235
7/11/2019,0.003270536
7/12/2019,0.000603091
7/15/2019,0.004751456
7/16/2019,0.00281655
7/17/2019,-0.006267429
7/18/2019,-1.74641E-05
7/19/2019,-0.01415821
7/22/2019,0.007052447
7/23/2019,0.007152473
7/24/2019,-0.007328415
7/25/2019,-0.005000891
7/26/2019,0.104485425
7/29/2019,-0.008797114
7/30/2019,-0.011513558
7/31/2019,-0.006905301
8/1/2019,-0.006304076
8/2/2019,-0.012423404
8/5/2019,-0.034899827
8/6/2019,0.015299575
8/7/2019,0.003453173
8/8/2019,0.026243886
8/9/2019,-0.013935955
8/12/2019,-0.011195233
8/13/2019,0.019204791
8/14/2019,-0.027545984
8/15/2019,0.002550886
8/16/2019,0.008858323
8/19/2019,0.017705482
8/20/2019,-0.013150328
8/21/2019,0.007237788
8/22/2019,-0.001443837
8/23/2019,-0.032147141
8/26/2019,0.015287178
8/27/2019,-0.00089833
8/28/2019,0.002723022
8/29/2019,0.01864183
8/30/2019,-0.00398206
9/3/2019,-0.01658948
9/4/2019,0.011143556
9/5/2019,0.025367967
9/6/2019,-0.005324465
9/9/2019,-0.000431577
9/10/2019,0.00132012
9/11/2019,0.011749622
9/12/2019,0.011539339
9/13/2019,0.004302256
9/16/2019,-0.006663663
9/17/2019,-0.001746142
9/18/2019,0.002652247
9/19/2019,0.005111876
9/20/2019,-0.007087944
9/23/2019,0.003333503
9/24/2019,-0.012374106
9/25/2019,0.022777257
9/26/2019,-0.004115461
9/27/2019,-0.013130482
9/30/2019,-0.004971036
10/1/2019,-0.011402809
10/2/2019,-0.023624572
10/3/2019,0.009518669
10/4/2019,0.017822453
10/7/2019,-0.001091767
10/8/2019,-0.015360069
10/9/2019,0.011083779
10/10/2019,0.005289804
10/11/2019,0.005609394
10/14/2019,0.001390484
10/15/2019,0.02125474
10/16/2019,0.000506838
10/17/2019,0.007582525
10/18/2019,-0.006049108
10/21/2019,0.000529939
10/22/2019,-0.00268826
10/23/2019,0.013139649
10/24/2019,0.001477199
10/25/2019,0.003283147
10/28/2019,0.019658055
10/29/2019,-0.02122481
10/30/2019,-0.00105333
10/31/2019,-0.000935593
11/1/2019,0.01081652
11/4/2019,0.013841133
11/5/2019,0.000511111
11/6/2019,-0.000177999
11/7/2019,0.013206329
11/8/2019,0.001917707
11/11/2019,-0.009288038
11/12/2019,-0.000300104
11/13/2019,-0.000615991
11/14/2019,0.01036977
11/15/2019,0.017850361
11/18/2019,-0.010615299
11/19/2019,-0.003967586
11/20/2019,-0.009433896
11/21/2019,-0.001304687
11/22/2019,-0.004618289
11/25/2019,0.008762159
11/26/2019,0.005249989
11/27/2019,-0.000426371
11/29/2019,-0.006115834
12/2/2019,-0.011525194
12/3/2019,0.004155285
12/4/2019,0.019501582
12/5/2019,0.005747623
12/6/2019,0.009404192
12/9/2019,0.002193063
12/10/2019,0.000818702
12/11/2019,0.000267715
12/12/2019,0.003903288
12/13/2019,-0.001807093
12/16/2019,0.009897456
12/17/2019,-0.004444742
12/18/2019,-0.001844855
12/19/2019,0.002528459
12/20/2019,-0.004756551
12/23/2019,-0.000555724
12/24/2019,-0.003914406
12/26/2019,0.012533839
12/27/2019,-0.00625552
12/30/2019,-0.011650356
12/31/2019,0.000658617
1/2/2020,0.022699716
1/3/2020,-0.004907202
1/6/2020,0.024657097
1/7/2020,-0.000624006
1/8/2020,0.007880331
1/9/2020,0.011044499
1/10/2020,0.006972683
1/13/2020,0.006644611
1/14/2020,-0.005801696
1/15/2020,0.005814566
1/16/2020,0.008685381
1/17/2020,0.019763081
1/21/2020,0.002708752
1/22/2020,0.001044144
1/23/2020,0.000471128
1/24/2020,-0.013412749
1/27/2020,-0.022369751
1/28/2020,0.013013484
1/29/2020,0.004178792
1/30/2020,-0.00191278
1/31/2020,-0.014843655
2/3/2020,0.036054163
2/4/2020,-0.026158524
2/5/2020,0.000801643
2/6/2020,0.019333946
2/7/2020,0.002032204
2/10/2020,0.019909057
2/11/2020,7.29015E-05
2/12/2020,0.006283168
2/13/2020,-0.002377697
2/14/2020,0.004014073
2/18/2020,-0.000703569
2/19/2020,0.004619356
2/20/2020,-0.005593747
2/21/2020,-0.021763356
2/24/2020,-0.042771256
2/25/2020,-0.023311936
2/26/2020,0.003406751
2/27/2020,-0.053898337
2/28/2020,0.016114219
3/2/2020,0.037167861
3/3/2020,-0.03435291
3/4/2020,0.033644208
3/5/2020,-0.048668595
3/6/2020,-0.015640166
3/9/2020,-0.063808791
3/10/2020,0.053333404
3/11/2020,-0.050750147
3/12/2020,-0.082688144
3/13/2020,0.094016506
3/16/2020,-0.111008195
3/17/2020,0.032711531
3/18/2020,-0.020539381
3/19/2020,0.016858123
3/20/2020,-0.038528178
3/23/2020,-0.014641107
3/24/2020,0.073668837
3/25/2020,-0.028180784
3/26/2020,0.053751064
3/27/2020,-0.043933754
3/30/2020,0.032510724
3/31/2020,0.013943002
4/1/2020,-0.049182636
4/2/2020,0.013766006
4/3/2020,-0.020484602
4/6/2020,0.081101795
4/7/2020,-0.000345461
4/8/2020,0.02003356
4/9/2020,0.000966654
4/13/2020,0.005043632
4/14/2020,0.042437267
4/15/2020,-0.005326071
4/16/2020,0.000792098
4/17/2020,0.015655322
4/20/2020,-0.012967087
4/21/2020,-0.039688633
4/22/2020,0.038533631
4/23/2020,0.010370483
4/24/2020,0.002350526
4/27/2020,-0.002681175
4/28/2020,-0.033083018
4/29/2020,0.087389604
4/30/2020,0.005352338
5/1/2020,-0.020798458
5/4/2020,0.004687276
5/5/2020,0.01832223
5/6/2020,-0.002819856
5/7/2020,0.018748615
5/8/2020,0.011518575
5/11/2020,0.010724818
5/12/2020,-0.01961149
5/13/2020,-0.019196966
5/14/2020,0.005039575
5/15/2020,0.012579868
5/18/2020,0.007828487
5/19/2020,-0.007554487
5/20/2020,0.02419756
5/21/2020,-0.002786569
5/22/2020,0.005431989
5/26/2020,0.00467944
5/27/2020,0.000578641
5/28/2020,-0.000782871
5/29/2020,0.008604367
6/1/2020,0.002029436
6/2/2020,0.005168265
6/3/2020,-0.001973268
6/4/2020,-0.016847875
6/5/2020,0.018559929
6/8/2020,0.005714702
6/9/2020,0.006601675
6/10/2020,0.006654449
6/11/2020,-0.042303108
6/12/2020,0.006653243
6/15/2020,0.004719796
6/16/2020,0.016107332
6/17/2020,0.005822352
6/18/2020,-0.010447126
6/19/2020,-0.002952722
6/22/2020,0.014067006
6/23/2020,0.008644118
6/24/2020,-0.022152309
6/25/2020,0.006536439
6/26/2020,-0.056496385
6/29/2020,0.025788622
6/30/2020,0.013362305
7/1/2020,0.017282033
7/2/2020,0.018539061
7/6/2020,0.021164744
7/7/2020,-0.007033427
7/8/2020,0.007285276
7/9/2020,0.010020047
7/10/2020,0.020350896
7/13/2020,-0.019717997
7/14/2020,0.006113773
7/15/2020,-0.004564009
7/16/2020,0.002880464
7/17/2020,-0.001613933
7/20/2020,0.033103441
7/21/2020,-0.004662345
7/22/2020,0.006461638
7/23/2020,-0.033669285
7/24/2020,-0.002513762
7/27/2020,0.012124029
7/28/2020,-0.01951378
7/29/2020,0.014450094
7/30/2020,0.006195668
7/31/2020,-0.031662798
8/3/2020,-0.00573853
8/4/2020,-0.006429503
8/5/2020,0.005897741
8/6/2020,0.017976256
8/7/2020,-0.003739741
8/10/2020,0.001077281
8/11/2020,-0.010547444
8/12/2020,0.017766463
8/13/2020,0.007851984
8/14/2020,-0.007059812
8/17/2020,0.0067983
8/18/2020,0.026759244
8/19/2020,-0.007102494
8/20/2020,0.022112638
8/21/2020,-0.000840813
8/24/2020,0.004922683
8/25/2020,0.012605478
8/26/2020,0.027458951
8/27/2020,-0.010923667
8/28/2020,0.006167713
8/31/2020,-0.006221064
9/1/2020,0.016234384
9/2/2020,0.040687459
9/3/2020,-0.050015079
9/4/2020,-0.030940852
9/8/2020,-0.036862695
9/9/2020,0.016033742
9/10/2020,-0.016018357
9/11/2020,-0.007375915
9/14/2020,-0.000946882
9/15/2020,0.014585798
9/16/2020,-0.013325149
9/17/2020,-0.016680909
9/18/2020,-0.023764176
9/21/2020,-0.019746681
9/22/2020,0.023966521
9/23/2020,-0.034289576
9/24/2020,0.0092425
9/25/2020,0.011671244
9/28/2020,0.013536748
9/29/2020,0.003284309
9/30/2020,0.000183771
10/1/2020,0.013942563
10/2/2020,-0.021253698
10/5/2020,0.018924573
10/6/2020,-0.021924388
10/7/2020,0.004713024
10/8/2020,0.017558166
10/9/2020,0.019711505
10/12/2020,0.035592227
10/13/2020,0.001612357
10/14/2020,-0.002290605
10/15/2020,-0.005707586
10/16/2020,0.008902404
10/19/2020,-0.024411812
10/20/2020,0.013892826
10/21/2020,0.024024219
10/22/2020,0.013820221
10/23/2020,0.015891517
10/26/2020,-0.030804417
10/27/2020,0.008683114
10/28/2020,-0.054629558
10/29/2020,0.033376848
10/30/2020,0.034308734
11/2/2020,0.003096846
11/3/2020,0.014870532
11/4/2020,0.059943914
11/5/2020,0.008141184
11/6/2020,-0.000918693
11/9/2020,0.000709522
11/10/2020,-0.012824722
11/11/2020,0.007078842
11/12/2020,-0.001637461
11/13/2020,0.01553288
11/16/2020,0.002453537
11/17/2020,-0.006304091
11/18/2020,-0.013202268
11/19/2020,0.009812349
11/20/2020,-0.012319211
11/23/2020,-0.004207323
11/24/2020,0.019609663
11/25/2020,0.001441618
11/27/2020,0.012283797
11/30/2020,-0.018096215
12/1/2020,0.021218344
12/2/2020,0.016600843
12/3/2020,-0.000645494
12/4/2020,0.000667829
12/7/2020,-0.004655392
12/8/2020,-0.000511097
12/9/2020,-0.018927191
12/10/2020,-0.004932403
12/11/2020,0.003627531
12/14/2020,-0.012184491
12/15/2020,0.00438051
12/16/2020,-0.002698326
12/17/2020,-0.008564933
12/18/2020,-0.009663032
12/21/2020,0.004829542
12/22/2020,-0.00912399
12/23/2020,0.005152309
12/24/2020,0.00373473
12/28/2020,0.021416448
12/29/2020,-0.009779907
12/30/2020,-0.010917003
12/31/2020,0.0071054
1/4/2021,-0.013494083
1/5/2021,0.007336975
1/6/2021,-0.003233925
1/7/2021,0.029943099
1/8/2021,0.011167974
1/11/2021,-0.022404696
1/12/2021,-0.011416593
1/13/2021,0.004494561
1/14/2021,-0.008105318
1/15/2021,-0.002292931
1/19/2021,0.031488516
1/20/2021,0.053627888
1/21/2021,0.002305356
1/22/2021,0.005181784
1/25/2021,-0.000867955
1/26/2021,0.009392422
1/27/2021,-0.045090834
1/28/2021,0.017653551
1/29/2021,-0.014690488
2/1/2021,0.035740348
2/2/2021,0.013758663
2/3/2021,0.073960735
2/4/2021,-0.003719657
2/5/2021,0.017276183
2/8/2021,-0.002426162
2/9/2021,-0.004491308
2/10/2021,0.005697056
2/11/2021,0.000243397
2/12/2021,0.003922064
2/16/2021,0.008454783
2/17/2021,0.003020952
2/18/2021,-0.005220155
2/19/2021,-0.007585518
2/22/2021,-0.017257304
2/23/2021,0.002896161
2/24/2021,0.011738994
2/25/2021,-0.030455734
2/26/2021,0.002707546
3/1/2021,0.021921008
3/2/2021,-0.002723947
3/3/2021,-0.023667588
3/4/2021,0.01104259
3/5/2021,0.029012854
3/8/2021,-0.040013466
3/9/2021,0.01409462
3/10/2021,0.001135128
3/11/2021,0.02907013
3/12/2021,-0.024990943
3/15/2021,0.002216414
3/16/2021,0.012596253
3/17/2021,-0.000688138
3/18/2021,-0.026235297
3/19/2021,0.003427911
3/22/2021,-0.002256257
3/23/2021,0.007048987
3/24/2021,-0.003848055
3/25/2021,-0.000342324
3/26/2021,-0.004309386
3/29/2021,0.010021813
3/30/2021,-0.000199378
3/31/2021,0.00636808
4/1/2021,0.033413477
4/5/2021,0.041071243
4/6/2021,-0.000359484
4/7/2021,0.011205723
4/8/2021,0.007005445
4/9/2021,0.009022504
4/12/2021,-0.013600821
4/13/2021,0.005534875
4/14/2021,-0.005482334
4/15/2021,0.018546692
4/16/2021,0.000478999
4/19/2021,0.002019311
4/20/2021,-0.003809077
4/21/2021,-0.000148169
4/22/2021,-0.01106276
4/23/2021,0.020891446
4/26/2021,0.004941019
4/27/2021,-0.008432344
4/28/2021,0.031550067
4/29/2021,0.021000787
4/30/2021,-0.008136079
5/3/2021,-0.006203091
5/4/2021,-0.01708435
5/5/2021,0.001057657
5/6/2021,0.010442437
5/7/2021,0.007281518
5/10/2021,-0.02377549
5/11/2021,-0.014049821
5/12/2021,-0.030180673
5/13/2021,0.010222901
5/14/2021,0.023956967
5/17/2021,0.002266683
5/18/2021,-0.007745284
5/19/2021,0.002292246
5/20/2021,0.020522338
5/21/2021,-0.004664503
5/24/2021,0.026254668
5/25/2021,0.000997289
5/26/2021,0.010153279
5/27/2021,-0.012746923
5/28/2021,0.003766914